factor,cell_type,sign,gene,loading
0,Astrocyte,1.0,PPP1R36,11.015685540688295
0,Astrocyte,1.0,MCUR1,10.880071148884825
0,Astrocyte,1.0,HHLA1,10.630378627837628
0,Astrocyte,1.0,LMLN,10.600369600210447
0,Astrocyte,1.0,EGLN3,9.678605578099926
0,Astrocyte,1.0,FBXO2,9.664311107049386
0,Astrocyte,1.0,GLIPR1,9.585504313018815
0,Astrocyte,1.0,PVALEF,9.336363135161756
0,Astrocyte,1.0,MYL7,9.297093229473795
0,Astrocyte,1.0,MYH9,9.224567040901068
0,Astrocyte,1.0,KCNH1,9.162205622619943
0,Astrocyte,1.0,LSM5,9.13575863447895
0,Astrocyte,1.0,EIF4EBP1,9.018442195982935
0,Astrocyte,1.0,GDAP1,8.868676974407368
0,Astrocyte,1.0,EIF3L,8.762942404513698
0,Astrocyte,1.0,FAM169A,8.668737414961305
0,Astrocyte,1.0,EBP,8.654861282049204
0,Astrocyte,1.0,PPT1,8.628529702404352
0,Astrocyte,1.0,KLHDC8A,8.608566068448793
0,Astrocyte,1.0,MRPL2,8.408205528029828
0,Astrocyte,1.0,GPX7,8.40594192593932
0,Astrocyte,1.0,ITGA3,8.40322407492519
0,Astrocyte,1.0,MGST3,8.293809820168553
0,Astrocyte,1.0,PNO1,8.282439320782714
0,Astrocyte,1.0,NWD1,8.1885036604057
0,Astrocyte,1.0,FMO5,8.18711647962195
0,Astrocyte,1.0,NUDT17,8.133536392089335
0,Astrocyte,1.0,PUM3,8.13102734872437
0,Astrocyte,1.0,ZNF626,8.016764597612902
0,Astrocyte,1.0,FUOM,7.749643647458317
0,Astrocyte,-1.0,NNT,-0.010401439969234953
0,Astrocyte,-1.0,TRIM69,-0.019249160711556093
0,Astrocyte,-1.0,CMTM1,-0.020318881089310084
0,Astrocyte,-1.0,ARRDC4,-0.025097865164614347
0,Astrocyte,-1.0,RRP9,-0.03430999811207281
0,Astrocyte,-1.0,PCNX1,-0.06650137770976948
0,Astrocyte,-1.0,MNX1,-0.06650137770977822
0,Astrocyte,-1.0,MRAS,-0.06650137770977887
0,Astrocyte,-1.0,PRPF8,-0.0665013777097803
0,Astrocyte,-1.0,MLLT10,-0.06650137770978053
0,Astrocyte,-1.0,RBMX,-0.06650137770978194
0,Astrocyte,-1.0,RGS10,-0.06650137770978204
0,Astrocyte,-1.0,RHBDL3,-0.06650137770978341
0,Astrocyte,-1.0,RASGEF1A,-0.06650137770978351
0,Astrocyte,-1.0,RASSF4,-0.0665013777097842
0,Astrocyte,-1.0,PDS5B,-0.06650137770978425
0,Astrocyte,-1.0,NIF3L1,-0.0665013777097848
0,Astrocyte,-1.0,PPP3CA,-0.06650137770978506
0,Astrocyte,-1.0,PCDHGC3,-0.06650137770978531
0,Astrocyte,-1.0,PLEKHA2,-0.06650137770978574
0,Astrocyte,-1.0,PARVA,-0.06650137770978584
0,Astrocyte,-1.0,REC8,-0.06650137770978624
0,Astrocyte,-1.0,PLLP,-0.0665013777097866
0,Astrocyte,-1.0,RHBDF2,-0.0665013777097872
0,Astrocyte,-1.0,N4BP3,-0.0665013777097873
0,Astrocyte,-1.0,NDUFAF2,-0.06650137770978776
0,Astrocyte,-1.0,RALGAPA1,-0.0665013777097881
0,Astrocyte,-1.0,RUNX2,-0.0665013777097888
0,Astrocyte,-1.0,RBM24,-0.06650137770978894
0,Astrocyte,-1.0,PICK1,-0.06650137770978908
0,Endothelial,1.0,HTR1E,6.0165888924988655
0,Endothelial,1.0,SHC2,5.551254602444748
0,Endothelial,1.0,IL1R1,4.75708011819524
0,Endothelial,1.0,MCUB,4.385981121316232
0,Endothelial,1.0,THPO,4.3590076586208735
0,Endothelial,1.0,LRRC1,4.2463649947031685
0,Endothelial,1.0,FBXO11,4.1491310819907445
0,Endothelial,1.0,PDS5B,4.047293425500188
0,Endothelial,1.0,MAPK10,4.001668213867749
0,Endothelial,1.0,GPC5,3.8264054722409537
0,Endothelial,1.0,ZNF426,3.8259106548240758
0,Endothelial,1.0,ZFAND5,3.6715549264629823
0,Endothelial,1.0,PCNX1,3.598929936315863
0,Endothelial,1.0,FSTL5,3.537176060056311
0,Endothelial,1.0,KCNN4,3.1578146183477176
0,Endothelial,1.0,FAM229B,3.1252377237196685
0,Endothelial,1.0,ST8SIA1,3.0968073578521267
0,Endothelial,1.0,TRIM26,3.0606137506974647
0,Endothelial,1.0,ATP6V1B2,3.0190352574495525
0,Endothelial,1.0,KCND2,3.0122730247224228
0,Endothelial,1.0,EFS,3.0042820599544586
0,Endothelial,1.0,SYT1,2.9257118015843284
0,Endothelial,1.0,ADRA1D,2.8430011651503415
0,Endothelial,1.0,SLC5A3,2.8164020327880332
0,Endothelial,1.0,STAR,2.787223113630047
0,Endothelial,1.0,AVIL,2.759208313186144
0,Endothelial,1.0,METTL14,2.747228742880356
0,Endothelial,1.0,PRLHR,2.740448586259556
0,Endothelial,1.0,LPIN3,2.710070898167934
0,Endothelial,1.0,PPP1R16B,2.649208055451254
0,Endothelial,-1.0,TTF1,-0.0035025535675948074
0,Endothelial,-1.0,TBXAS1,-0.003502553567596129
0,Endothelial,-1.0,ZNF766,-0.0035025535675963283
0,Endothelial,-1.0,SLC2A5,-0.0035025535675976267
0,Endothelial,-1.0,ZNF644,-0.003502553567599669
0,Endothelial,-1.0,TMC3,-0.0035025535675996776
0,Endothelial,-1.0,TTLL9,-0.003502553567600076
0,Endothelial,-1.0,VWA7,-0.003502553567600166
0,Endothelial,-1.0,THEMIS2,-0.0035025535676014696
0,Endothelial,-1.0,SYT10,-0.003502553567601687
0,Endothelial,-1.0,SHC3,-0.0035025535676018456
0,Endothelial,-1.0,TSPAN5,-0.003502553567602503
0,Endothelial,-1.0,TIFA,-0.003502553567604997
0,Endothelial,-1.0,SP4,-0.0035025535676052075
0,Endothelial,-1.0,ZNF775,-0.0035025535676052842
0,Endothelial,-1.0,SMARCA2,-0.0035025535676058662
0,Endothelial,-1.0,ZSCAN21,-0.0035025535676058753
0,Endothelial,-1.0,ZNF433,-0.003502553567606476
0,Endothelial,-1.0,TRPC4,-0.0035025535676065545
0,Endothelial,-1.0,WASF2,-0.003502553567606978
0,Endothelial,-1.0,TINAGL1,-0.003502553567607173
0,Endothelial,-1.0,SLAIN1,-0.0035025535676072514
0,Endothelial,-1.0,TIAL1,-0.0035025535676074006
0,Endothelial,-1.0,SESN1,-0.003502553567607904
0,Endothelial,-1.0,SREBF1,-0.003502553567608108
0,Endothelial,-1.0,SNX27,-0.0035025535676083057
0,Endothelial,-1.0,STEAP1,-0.003502553567608691
0,Endothelial,-1.0,STK24,-0.0035025535676087675
0,Endothelial,-1.0,VPS13D,-0.003502553567608867
0,Endothelial,-1.0,ZDHHC9,-0.0035025535676089813
0,Excitatory,1.0,HSPB3,13.465801098549733
0,Excitatory,1.0,HES2,12.97606934114724
0,Excitatory,1.0,HDGFL3,12.583924945805677
0,Excitatory,1.0,ADRA1D,12.320553500950128
0,Excitatory,1.0,FLNA,11.960185327898884
0,Excitatory,1.0,DDOST,11.768421832207155
0,Excitatory,1.0,CCL2,11.696213955352594
0,Excitatory,1.0,BTN3A3,11.6320646589736
0,Excitatory,1.0,ANKH,11.429569326469624
0,Excitatory,1.0,LSM5,11.355542881236287
0,Excitatory,1.0,LPIN2,11.13354121871728
0,Excitatory,1.0,AEN,11.07453574425506
0,Excitatory,1.0,ALG11,11.015281315168734
0,Excitatory,1.0,CFAP43,11.007565473924137
0,Excitatory,1.0,COQ4,10.897102775660763
0,Excitatory,1.0,MGST3,10.695377807227244
0,Excitatory,1.0,KIF3B,10.632076752850883
0,Excitatory,1.0,MINAR2,10.623095504127681
0,Excitatory,1.0,CNTNAP2,10.569205245558495
0,Excitatory,1.0,LHX6,10.351107623042791
0,Excitatory,1.0,HSCB,10.286054474394874
0,Excitatory,1.0,KLHDC2,10.282254172360759
0,Excitatory,1.0,AHSG,10.265222225470046
0,Excitatory,1.0,ITGAV,10.244667038733189
0,Excitatory,1.0,DEGS2,10.227300970524036
0,Excitatory,1.0,IGBP1,10.202283380854695
0,Excitatory,1.0,HMCN2,10.186904355319033
0,Excitatory,1.0,CARMIL3,10.101375212113544
0,Excitatory,1.0,DNAJB9,10.027114470854817
0,Excitatory,1.0,COL21A1,9.948041062353035
0,Excitatory,-1.0,ZMAT1,-0.01768429845178582
0,Excitatory,-1.0,ZNF69,-0.03761802713688049
0,Excitatory,-1.0,ZBTB38,-0.03765286748422211
0,Excitatory,-1.0,MAL2,-0.040654970067354676
0,Excitatory,-1.0,NPTX2,-0.04523257916043309
0,Excitatory,-1.0,SMAP1,-0.04717054237993985
0,Excitatory,-1.0,PSMF1,-0.052982709829812506
0,Excitatory,-1.0,BUB1,-0.05461939203775617
0,Excitatory,-1.0,SLC13A3,-0.05690682801067273
0,Excitatory,-1.0,ZNF699,-0.05792645946208554
0,Excitatory,-1.0,DPY19L3,-0.06034615506981082
0,Excitatory,-1.0,AANAT,-0.06513880651782178
0,Excitatory,-1.0,SCCPDH,-0.06620565787699952
0,Excitatory,-1.0,CHD1L,-0.09257349199808368
0,Excitatory,-1.0,PTPRU,-0.09541078963866377
0,Excitatory,-1.0,RADX,-0.09541078963867432
0,Excitatory,-1.0,PPIL2,-0.09541078963868256
0,Excitatory,-1.0,PHYH,-0.09541078963868628
0,Excitatory,-1.0,POGZ,-0.0954107896386863
0,Excitatory,-1.0,NBPF3,-0.09541078963868685
0,Excitatory,-1.0,ROCK2,-0.09541078963868818
0,Excitatory,-1.0,RAPGEF6,-0.09541078963868961
0,Excitatory,-1.0,NAT10,-0.09541078963868972
0,Excitatory,-1.0,MYOZ2,-0.0954107896386923
0,Excitatory,-1.0,SCD,-0.0954107896386925
0,Excitatory,-1.0,MMRN2,-0.09541078963869422
0,Excitatory,-1.0,PPM1E,-0.09541078963869429
0,Excitatory,-1.0,MSN,-0.095410789638695
0,Excitatory,-1.0,MMP9,-0.09541078963869526
0,Excitatory,-1.0,NRAP,-0.09541078963869537
0,Inhibitory,1.0,ADRA1D,12.765958560616577
0,Inhibitory,1.0,BAHD1,12.305407754746238
0,Inhibitory,1.0,CX3CL1,12.04830302919869
0,Inhibitory,1.0,C1orf54,11.684551154067929
0,Inhibitory,1.0,ENAH,11.483471361638676
0,Inhibitory,1.0,FLNA,11.276481602328047
0,Inhibitory,1.0,CAMK2G,10.633503751555242
0,Inhibitory,1.0,EDA,10.535854232410916
0,Inhibitory,1.0,MGST3,10.436420623614117
0,Inhibitory,1.0,DARS2,10.334485092502778
0,Inhibitory,1.0,ENTPD5,10.16215520655094
0,Inhibitory,1.0,E2F5,10.162030214942492
0,Inhibitory,1.0,AHSG,10.13500289375555
0,Inhibitory,1.0,CENPT,10.048470706614982
0,Inhibitory,1.0,LPIN2,9.910707233711351
0,Inhibitory,1.0,DBNDD2,9.707583053597475
0,Inhibitory,1.0,ALG14,9.57680703621059
0,Inhibitory,1.0,HDGFL3,9.546090290977421
0,Inhibitory,1.0,AKR1E2,9.047010653810865
0,Inhibitory,1.0,ITGA10,9.016705719765357
0,Inhibitory,1.0,TMEM213,8.922567439902574
0,Inhibitory,1.0,ARHGAP18,8.84680909113286
0,Inhibitory,1.0,AEN,8.838790461302615
0,Inhibitory,1.0,HSCB,8.773257048451658
0,Inhibitory,1.0,GEMIN5,8.763257373939355
0,Inhibitory,1.0,GAB1,8.715219492224612
0,Inhibitory,1.0,CREBZF,8.676386421954112
0,Inhibitory,1.0,AMZ2,8.596653329368102
0,Inhibitory,1.0,DAB1,8.541931504199619
0,Inhibitory,1.0,CDS1,8.529770536841374
0,Inhibitory,-1.0,RILPL1,-0.0014758837223539103
0,Inhibitory,-1.0,SLCO1A2,-0.03987854909936375
0,Inhibitory,-1.0,CAVIN3,-0.04115308889409523
0,Inhibitory,-1.0,KLHL14,-0.0630334728966372
0,Inhibitory,-1.0,ETV1,-0.0681636039023798
0,Inhibitory,-1.0,DDX27,-0.08170061903688658
0,Inhibitory,-1.0,TMED8,-0.11980382124134012
0,Inhibitory,-1.0,EMID1,-0.12985467323512556
0,Inhibitory,-1.0,ZNF215,-0.13527883834586604
0,Inhibitory,-1.0,FTH1,-0.18296990786377662
0,Inhibitory,-1.0,SLC8B1,-0.19115398836151468
0,Inhibitory,-1.0,FAM200A,-0.2129398936599252
0,Inhibitory,-1.0,RAI1,-0.22610506937212543
0,Inhibitory,-1.0,HLA-E,-0.2420935075342366
0,Inhibitory,-1.0,LETMD1,-0.2588773460263425
0,Inhibitory,-1.0,SERHL2,-0.2734507735882166
0,Inhibitory,-1.0,SENP6,-0.27345077358822034
0,Inhibitory,-1.0,WNT5A,-0.27345077358822795
0,Inhibitory,-1.0,SGTA,-0.2734507735882337
0,Inhibitory,-1.0,TMEFF1,-0.2734507735882388
0,Inhibitory,-1.0,UHRF1,-0.2734507735882389
0,Inhibitory,-1.0,TTC28,-0.2734507735882405
0,Inhibitory,-1.0,SH3GL1,-0.2734507735882435
0,Inhibitory,-1.0,TEX9,-0.27345077358824355
0,Inhibitory,-1.0,ZMYND11,-0.27345077358824516
0,Inhibitory,-1.0,SPATA9,-0.2734507735882455
0,Inhibitory,-1.0,TENM2,-0.2734507735882455
0,Inhibitory,-1.0,ZNF596,-0.27345077358824593
0,Inhibitory,-1.0,SNX10,-0.2734507735882469
0,Inhibitory,-1.0,SREK1,-0.27345077358824693
0,Microglia-PVM,1.0,STIM2,7.653568170890216
0,Microglia-PVM,1.0,ZNF835,6.246833464021835
0,Microglia-PVM,1.0,KLHL35,5.442900699562567
0,Microglia-PVM,1.0,SLC26A1,5.41665965231983
0,Microglia-PVM,1.0,ZNF569,5.162626532963273
0,Microglia-PVM,1.0,LSM5,5.022486449628685
0,Microglia-PVM,1.0,BMT2,4.830021931424161
0,Microglia-PVM,1.0,KCNQ3,4.791561385992137
0,Microglia-PVM,1.0,TM7SF3,4.681173699525795
0,Microglia-PVM,1.0,PTPN13,4.484895576060362
0,Microglia-PVM,1.0,PPIL2,4.439450330148126
0,Microglia-PVM,1.0,NCAN,4.3339108092355225
0,Microglia-PVM,1.0,MANF,4.188963090915303
0,Microglia-PVM,1.0,SCRN3,4.144025938956051
0,Microglia-PVM,1.0,SIL1,3.938482794410767
0,Microglia-PVM,1.0,VPS45,3.9207445934320653
0,Microglia-PVM,1.0,PHYH,3.8090623727044495
0,Microglia-PVM,1.0,ZDHHC23,3.793283384526753
0,Microglia-PVM,1.0,AIM2,3.77470882542331
0,Microglia-PVM,1.0,MAMLD1,3.763318944621957
0,Microglia-PVM,1.0,STEAP1,3.728588474861987
0,Microglia-PVM,1.0,SPAG5,3.608197862262837
0,Microglia-PVM,1.0,FAM13B,3.5364263204530504
0,Microglia-PVM,1.0,TDRD3,3.4744330629910016
0,Microglia-PVM,1.0,ZMYM2,3.3901528250727075
0,Microglia-PVM,1.0,NOP56,3.3775899952377633
0,Microglia-PVM,1.0,MEPCE,3.375671697909698
0,Microglia-PVM,1.0,ADORA1,3.328551692216294
0,Microglia-PVM,1.0,MMP15,3.303906808218708
0,Microglia-PVM,1.0,TIFA,3.133348003403791
0,Microglia-PVM,-1.0,SEC11A,-0.00037315002608926675
0,Microglia-PVM,-1.0,CNTN4,-0.0015128630913331903
0,Microglia-PVM,-1.0,DOK6,-0.013975438687515168
0,Microglia-PVM,-1.0,MPP4,-0.017911161542613897
0,Microglia-PVM,-1.0,PLA2G4A,-0.017911161542626508
0,Microglia-PVM,-1.0,SEC11C,-0.017911161542626845
0,Microglia-PVM,-1.0,OLFML2B,-0.017911161542629592
0,Microglia-PVM,-1.0,PHTF1,-0.01791116154263037
0,Microglia-PVM,-1.0,PPP4R1,-0.0179111615426326
0,Microglia-PVM,-1.0,MOSMO,-0.01791116154263332
0,Microglia-PVM,-1.0,NSA2,-0.01791116154263374
0,Microglia-PVM,-1.0,RAD54L,-0.01791116154263404
0,Microglia-PVM,-1.0,OGFOD1,-0.01791116154263451
0,Microglia-PVM,-1.0,PCLO,-0.01791116154263479
0,Microglia-PVM,-1.0,S1PR3,-0.017911161542634953
0,Microglia-PVM,-1.0,RBFOX2,-0.0179111615426352
0,Microglia-PVM,-1.0,RETREG2,-0.017911161542635775
0,Microglia-PVM,-1.0,MS4A13,-0.017911161542637118
0,Microglia-PVM,-1.0,NTS,-0.01791116154263845
0,Microglia-PVM,-1.0,RAP1GDS1,-0.01791116154263948
0,Microglia-PVM,-1.0,PRPF38A,-0.017911161542639546
0,Microglia-PVM,-1.0,NOL4,-0.017911161542640178
0,Microglia-PVM,-1.0,RAD50,-0.017911161542640292
0,Microglia-PVM,-1.0,NFKBIZ,-0.017911161542641097
0,Microglia-PVM,-1.0,S100A6,-0.017911161542641565
0,Microglia-PVM,-1.0,PDE4D,-0.017911161542641725
0,Microglia-PVM,-1.0,RGL2,-0.017911161542641784
0,Microglia-PVM,-1.0,RRAGB,-0.017911161542641885
0,Microglia-PVM,-1.0,RESF1,-0.017911161542641964
0,Microglia-PVM,-1.0,MOB3A,-0.017911161542642155
0,OPC,1.0,GK5,7.041916664363396
0,OPC,1.0,NIF3L1,6.95702490291213
0,OPC,1.0,AHSG,6.601481941125195
0,OPC,1.0,LSM5,6.301734571575947
0,OPC,1.0,GLIPR1L1,5.6671117333702155
0,OPC,1.0,PLCE1,5.454130637165923
0,OPC,1.0,ADAMTS6,5.25505560533954
0,OPC,1.0,FGF10,5.050622279724061
0,OPC,1.0,SYT1,4.605394128094958
0,OPC,1.0,VWA7,4.377262520227825
0,OPC,1.0,SLAIN1,4.127521663385644
0,OPC,1.0,SORT1,3.8749819427159364
0,OPC,1.0,FER,3.850290390039789
0,OPC,1.0,CLPTM1L,3.5798936578120197
0,OPC,1.0,OGFOD1,3.4561365555146764
0,OPC,1.0,TMA16,3.4210799314894245
0,OPC,1.0,SYT2,3.412135850239655
0,OPC,1.0,CSAD,3.284771496291668
0,OPC,1.0,LCOR,3.262156187332495
0,OPC,1.0,ARCN1,3.0947652038962117
0,OPC,1.0,FYN,3.073449223890173
0,OPC,1.0,IMPA1,3.051739072478534
0,OPC,1.0,MFSD2B,3.035555651327537
0,OPC,1.0,TTC28,3.0110611913637912
0,OPC,1.0,NSA2,3.003310941631937
0,OPC,1.0,SREBF1,2.9868689166296756
0,OPC,1.0,TTF1,2.9846879238947945
0,OPC,1.0,NBPF3,2.8741151108175633
0,OPC,1.0,POP5,2.74759848993792
0,OPC,1.0,PDCD1LG2,2.714028984082415
0,OPC,-1.0,ZNF641,-0.0009528092813732087
0,OPC,-1.0,YWHAH,-0.0009528092813751986
0,OPC,-1.0,SERHL2,-0.0009528092813783848
0,OPC,-1.0,UBXN7,-0.0009528092813784468
0,OPC,-1.0,VLDLR,-0.0009528092813795289
0,OPC,-1.0,ZDHHC22,-0.0009528092813842386
0,OPC,-1.0,TCTE1,-0.0009528092813844533
0,OPC,-1.0,ZNF23,-0.0009528092813847402
0,OPC,-1.0,TDRD3,-0.0009528092813848614
0,OPC,-1.0,SUN2,-0.0009528092813858361
0,OPC,-1.0,SOX6,-0.0009528092813858943
0,OPC,-1.0,TSC22D3,-0.0009528092813865009
0,OPC,-1.0,UBE2Q2,-0.0009528092813872055
0,OPC,-1.0,SLC26A1,-0.0009528092813872949
0,OPC,-1.0,TBL3,-0.0009528092813880996
0,OPC,-1.0,WDR64,-0.0009528092813888645
0,OPC,-1.0,STXBP5L,-0.000952809281391087
0,OPC,-1.0,SNX25,-0.0009528092813911282
0,OPC,-1.0,STK4,-0.0009528092813915217
0,OPC,-1.0,TRIM47,-0.0009528092813917601
0,OPC,-1.0,STAMBP,-0.0009528092813922477
0,OPC,-1.0,WDR19,-0.0009528092813930467
0,OPC,-1.0,TMEM192,-0.0009528092813931342
0,OPC,-1.0,TBCCD1,-0.0009528092813934108
0,OPC,-1.0,SLC7A1,-0.0009528092813934872
0,OPC,-1.0,YARS2,-0.000952809281393772
0,OPC,-1.0,ZNF426,-0.0009528092813942617
0,OPC,-1.0,ZPR1,-0.0009528092813943737
0,OPC,-1.0,UBE2H,-0.0009528092813943903
0,OPC,-1.0,SLC10A6,-0.0009528092813945966
0,Oligodendrocyte,1.0,GCAT,11.127059497978799
0,Oligodendrocyte,1.0,HTR1E,10.290292824831722
0,Oligodendrocyte,1.0,HACD1,10.01520627175439
0,Oligodendrocyte,1.0,KATNBL1,9.99113212614657
0,Oligodendrocyte,1.0,LAP3,9.954301544174132
0,Oligodendrocyte,1.0,ITIH4,9.47214249054388
0,Oligodendrocyte,1.0,IVNS1ABP,9.263425771649263
0,Oligodendrocyte,1.0,ENAH,8.980948260326366
0,Oligodendrocyte,1.0,MMP26,8.969287070729639
0,Oligodendrocyte,1.0,HIP1,8.951222173164885
0,Oligodendrocyte,1.0,GALT,8.908086514144486
0,Oligodendrocyte,1.0,FLRT3,8.904026553468388
0,Oligodendrocyte,1.0,INPP1,8.735423932247254
0,Oligodendrocyte,1.0,MCUR1,8.734427459340429
0,Oligodendrocyte,1.0,KCNJ14,8.67432606380011
0,Oligodendrocyte,1.0,HNRNPL,8.667981043007858
0,Oligodendrocyte,1.0,CDC37L1,8.496546497008106
0,Oligodendrocyte,1.0,GPR37,8.23293629531131
0,Oligodendrocyte,1.0,GALNT18,8.207735538522797
0,Oligodendrocyte,1.0,SAP30BP,8.1953244519201
0,Oligodendrocyte,1.0,INTS6L,8.193850503955696
0,Oligodendrocyte,1.0,FOXJ3,7.965628302135834
0,Oligodendrocyte,1.0,NUDT2,7.900725383756515
0,Oligodendrocyte,1.0,MAP4K3,7.888381714386554
0,Oligodendrocyte,1.0,RSAD2,7.513758387303764
0,Oligodendrocyte,1.0,RSPH3,7.507909238090544
0,Oligodendrocyte,1.0,MGST3,7.451825440709103
0,Oligodendrocyte,1.0,GPI,7.450931004094194
0,Oligodendrocyte,1.0,PPT1,7.437992567669536
0,Oligodendrocyte,1.0,DECR1,7.352267597747174
0,Oligodendrocyte,-1.0,TCTN1,-0.04162664887077541
0,Oligodendrocyte,-1.0,PHC1,-0.11089818888448462
0,Oligodendrocyte,-1.0,SLA,-0.11240144293230354
0,Oligodendrocyte,-1.0,PRKCA,-0.14039830314308563
0,Oligodendrocyte,-1.0,NAT10,-0.14039830314308752
0,Oligodendrocyte,-1.0,PTPN7,-0.14039830314309018
0,Oligodendrocyte,-1.0,PPARGC1A,-0.14039830314309187
0,Oligodendrocyte,-1.0,PIK3CD,-0.14039830314309218
0,Oligodendrocyte,-1.0,NKAPD1,-0.14039830314309273
0,Oligodendrocyte,-1.0,MTFR2,-0.14039830314309307
0,Oligodendrocyte,-1.0,NR3C1,-0.1403983031430934
0,Oligodendrocyte,-1.0,PALLD,-0.14039830314309348
0,Oligodendrocyte,-1.0,PRKD1,-0.14039830314309376
0,Oligodendrocyte,-1.0,RHBDF1,-0.1403983031430938
0,Oligodendrocyte,-1.0,PLCXD1,-0.14039830314309434
0,Oligodendrocyte,-1.0,NBPF3,-0.14039830314309565
0,Oligodendrocyte,-1.0,RREB1,-0.14039830314309568
0,Oligodendrocyte,-1.0,NPFF,-0.14039830314309648
0,Oligodendrocyte,-1.0,PTPRU,-0.1403983031430966
0,Oligodendrocyte,-1.0,RFLNB,-0.1403983031430972
0,Oligodendrocyte,-1.0,MUTYH,-0.14039830314309726
0,Oligodendrocyte,-1.0,RNF207,-0.14039830314309767
0,Oligodendrocyte,-1.0,NACAD,-0.14039830314309767
0,Oligodendrocyte,-1.0,PPP1R36,-0.14039830314309776
0,Oligodendrocyte,-1.0,PKN2,-0.14039830314309779
0,Oligodendrocyte,-1.0,PLPP6,-0.14039830314309804
0,Oligodendrocyte,-1.0,PUM3,-0.14039830314309834
0,Oligodendrocyte,-1.0,NFKB1,-0.1403983031430985
0,Oligodendrocyte,-1.0,ROCK2,-0.14039830314309854
0,Oligodendrocyte,-1.0,OXR1,-0.1403983031430989
1,Astrocyte,1.0,HMCN2,10.950215520582383
1,Astrocyte,1.0,LSM14B,10.883629131400097
1,Astrocyte,1.0,IL1RL2,10.079187742038195
1,Astrocyte,1.0,KLHL35,10.040480420256714
1,Astrocyte,1.0,PIK3R4,9.988866561985622
1,Astrocyte,1.0,MAP4K5,9.648591227271483
1,Astrocyte,1.0,RAPGEF6,9.643489895121204
1,Astrocyte,1.0,NCALD,9.41472479885653
1,Astrocyte,1.0,MID2,9.388225477700841
1,Astrocyte,1.0,EFHC2,9.356401458403154
1,Astrocyte,1.0,ENG,9.324496669574888
1,Astrocyte,1.0,LCA5,9.106363066911154
1,Astrocyte,1.0,ERICH6B,9.08920997362551
1,Astrocyte,1.0,GSK3B,8.964442667323203
1,Astrocyte,1.0,MLF1,8.92174405786478
1,Astrocyte,1.0,HSPA13,8.887824634161634
1,Astrocyte,1.0,IDH2,8.886932269723035
1,Astrocyte,1.0,MYC,8.886530079600636
1,Astrocyte,1.0,LRP8,8.670114154158178
1,Astrocyte,1.0,FAM13B,8.573129257283695
1,Astrocyte,1.0,REV3L,8.530051376123826
1,Astrocyte,1.0,PRELP,8.506693800083372
1,Astrocyte,1.0,GLUL,8.353432804087221
1,Astrocyte,1.0,LMLN,8.229772887572654
1,Astrocyte,1.0,IFT20,8.1659318854067
1,Astrocyte,1.0,EPC1,8.144884050117202
1,Astrocyte,1.0,PC,8.105118453598301
1,Astrocyte,1.0,MFSD10,8.012237517516962
1,Astrocyte,1.0,EIF2AK2,7.9972512634896615
1,Astrocyte,1.0,GPSM2,7.904038214198126
1,Astrocyte,-1.0,ANAPC13,-0.0077496304030037185
1,Astrocyte,-1.0,SPATA13,-0.009804261352767343
1,Astrocyte,-1.0,CEBPZ,-0.01379851159498649
1,Astrocyte,-1.0,MLF2,-0.0665013777097734
1,Astrocyte,-1.0,PPM1L,-0.06650137770977634
1,Astrocyte,-1.0,MPV17,-0.06650137770977729
1,Astrocyte,-1.0,RNF19B,-0.06650137770977979
1,Astrocyte,-1.0,PLEKHA2,-0.06650137770978251
1,Astrocyte,-1.0,PNOC,-0.06650137770978386
1,Astrocyte,-1.0,PHACTR2,-0.06650137770978391
1,Astrocyte,-1.0,MTMR3,-0.06650137770978547
1,Astrocyte,-1.0,OCEL1,-0.0665013777097856
1,Astrocyte,-1.0,RBM43,-0.06650137770978613
1,Astrocyte,-1.0,NFKBIA,-0.06650137770978619
1,Astrocyte,-1.0,PDIA3,-0.06650137770978623
1,Astrocyte,-1.0,PTPRU,-0.06650137770978741
1,Astrocyte,-1.0,NBPF9,-0.06650137770978787
1,Astrocyte,-1.0,PNMA6A,-0.06650137770978806
1,Astrocyte,-1.0,NOP56,-0.06650137770978819
1,Astrocyte,-1.0,OR9Q1,-0.06650137770978867
1,Astrocyte,-1.0,PLA2G4A,-0.06650137770978905
1,Astrocyte,-1.0,PCDHB10,-0.06650137770978912
1,Astrocyte,-1.0,PSMG1,-0.06650137770978921
1,Astrocyte,-1.0,PHETA1,-0.0665013777097895
1,Astrocyte,-1.0,RGS10,-0.06650137770978963
1,Astrocyte,-1.0,SCNM1,-0.06650137770978976
1,Astrocyte,-1.0,PARL,-0.06650137770978988
1,Astrocyte,-1.0,PTK6,-0.06650137770979046
1,Astrocyte,-1.0,PSTPIP1,-0.06650137770979057
1,Astrocyte,-1.0,PLXNB2,-0.06650137770979057
1,Endothelial,1.0,KCNS1,5.88944254310356
1,Endothelial,1.0,NUP37,4.652434610793376
1,Endothelial,1.0,KIF2C,4.583070305616962
1,Endothelial,1.0,ERC2,4.556742416623158
1,Endothelial,1.0,GPER1,4.421653686811138
1,Endothelial,1.0,POGZ,3.9096295226846802
1,Endothelial,1.0,HJV,3.7544124168758732
1,Endothelial,1.0,GBA2,3.7448063815060344
1,Endothelial,1.0,BLOC1S6,3.7351284396144484
1,Endothelial,1.0,ZMAT1,3.734280789482125
1,Endothelial,1.0,XPR1,3.5851384061093237
1,Endothelial,1.0,ATRNL1,3.580228879691433
1,Endothelial,1.0,ITGA8,3.49965628523265
1,Endothelial,1.0,MAPKBP1,3.4433182175452073
1,Endothelial,1.0,HNRNPH3,3.4052239337077435
1,Endothelial,1.0,ERBIN,3.286409607634074
1,Endothelial,1.0,SORD,3.2376486298340623
1,Endothelial,1.0,PNOC,3.2247394752189744
1,Endothelial,1.0,KLRC3,3.1375630874504266
1,Endothelial,1.0,CADPS,3.0763882582863924
1,Endothelial,1.0,PTK6,3.0169544704400235
1,Endothelial,1.0,BBS4,2.9644962687325314
1,Endothelial,1.0,TXLNB,2.90785424672179
1,Endothelial,1.0,NPL,2.893970466811784
1,Endothelial,1.0,NOP56,2.837392561973839
1,Endothelial,1.0,LRRC4,2.7867178958477554
1,Endothelial,1.0,PKN2,2.663770988720683
1,Endothelial,1.0,SETBP1,2.6076139303937658
1,Endothelial,1.0,PLAG1,2.6032387486456594
1,Endothelial,1.0,ZNF311,2.5391364823308
1,Endothelial,-1.0,SP140L,-0.003502553567585374
1,Endothelial,-1.0,SLC24A2,-0.0035025535675923146
1,Endothelial,-1.0,TM4SF19,-0.003502553567597699
1,Endothelial,-1.0,TLN1,-0.003502553567599138
1,Endothelial,-1.0,TRAPPC2,-0.00350255356760049
1,Endothelial,-1.0,ZNF343,-0.003502553567600554
1,Endothelial,-1.0,SLC13A3,-0.0035025535676017484
1,Endothelial,-1.0,TAC3,-0.003502553567603572
1,Endothelial,-1.0,ST6GALNAC5,-0.00350255356760388
1,Endothelial,-1.0,SLITRK2,-0.0035025535676042386
1,Endothelial,-1.0,ZNF564,-0.0035025535676043904
1,Endothelial,-1.0,ZNF117,-0.0035025535676056346
1,Endothelial,-1.0,SLC4A8,-0.0035025535676061962
1,Endothelial,-1.0,TSPAN19,-0.0035025535676063905
1,Endothelial,-1.0,SLC22A1,-0.0035025535676066182
1,Endothelial,-1.0,SLC4A10,-0.003502553567606635
1,Endothelial,-1.0,WDR89,-0.0035025535676076486
1,Endothelial,-1.0,TYRP1,-0.0035025535676076755
1,Endothelial,-1.0,STRN3,-0.0035025535676077376
1,Endothelial,-1.0,USP6NL,-0.0035025535676078082
1,Endothelial,-1.0,TMEM192,-0.0035025535676081773
1,Endothelial,-1.0,XBP1,-0.0035025535676083126
1,Endothelial,-1.0,SLX4,-0.0035025535676085832
1,Endothelial,-1.0,ZNF44,-0.0035025535676095542
1,Endothelial,-1.0,WNT10A,-0.0035025535676096505
1,Endothelial,-1.0,WDR86,-0.0035025535676098496
1,Endothelial,-1.0,ZNF75D,-0.003502553567609884
1,Endothelial,-1.0,SPECC1,-0.003502553567610147
1,Endothelial,-1.0,TXNL4A,-0.00350255356761017
1,Endothelial,-1.0,TTBK2,-0.003502553567610498
1,Excitatory,1.0,ENG,13.32481862685361
1,Excitatory,1.0,KIAA0930,13.019922855390814
1,Excitatory,1.0,HAUS3,12.996785944679898
1,Excitatory,1.0,ANGPT2,12.94067517727027
1,Excitatory,1.0,IFNGR1,12.759268937119483
1,Excitatory,1.0,COL12A1,12.40497520775039
1,Excitatory,1.0,METTL27,12.337325179525573
1,Excitatory,1.0,FREM3,12.105864167251921
1,Excitatory,1.0,EIF1AD,11.86215936703446
1,Excitatory,1.0,FANCB,11.752247614439174
1,Excitatory,1.0,AEN,11.529383845465787
1,Excitatory,1.0,EPHA7,11.366501936522354
1,Excitatory,1.0,EPHA2,11.332531769436708
1,Excitatory,1.0,CCDC13,11.25128110885109
1,Excitatory,1.0,CDH18,11.02277670350313
1,Excitatory,1.0,FPR3,10.973886636184272
1,Excitatory,1.0,FGL2,10.957660690568142
1,Excitatory,1.0,KATNAL1,10.935211509943636
1,Excitatory,1.0,CRYGN,10.76342415505208
1,Excitatory,1.0,GLI1,10.733858053515283
1,Excitatory,1.0,ASCC3,10.718947007740296
1,Excitatory,1.0,ARL10,10.675898682511159
1,Excitatory,1.0,MINAR2,10.668136260049419
1,Excitatory,1.0,ABCB7,10.655322179586209
1,Excitatory,1.0,ARID2,10.609145311118192
1,Excitatory,1.0,CCKBR,10.537983039442826
1,Excitatory,1.0,ARMCX4,10.438800019637993
1,Excitatory,1.0,ERC2,10.388951936545531
1,Excitatory,1.0,ADRA2A,10.377374617554993
1,Excitatory,1.0,C10orf67,10.373077817866921
1,Excitatory,-1.0,CARMIL3,-0.001117583386938121
1,Excitatory,-1.0,ZNF547,-0.0024741414966142385
1,Excitatory,-1.0,PAK1,-0.0029831273840810377
1,Excitatory,-1.0,CHD7,-0.011734240960024414
1,Excitatory,-1.0,GPT2,-0.013169876588057057
1,Excitatory,-1.0,CHP1,-0.014545483001941544
1,Excitatory,-1.0,ANKAR,-0.022953954735746507
1,Excitatory,-1.0,HES2,-0.0285945854087682
1,Excitatory,-1.0,HP1BP3,-0.037055426819317366
1,Excitatory,-1.0,S100A6,-0.04334091500696224
1,Excitatory,-1.0,ZNF48,-0.04416086005141699
1,Excitatory,-1.0,TMEM132C,-0.045979871644481016
1,Excitatory,-1.0,IFNA13,-0.05035442607322879
1,Excitatory,-1.0,THPO,-0.0691566636685953
1,Excitatory,-1.0,ADAM10,-0.080684914959291
1,Excitatory,-1.0,TMEM120A,-0.09448744284013719
1,Excitatory,-1.0,NUP37,-0.095410789638685
1,Excitatory,-1.0,SCN1A,-0.09541078963868667
1,Excitatory,-1.0,OVCH1,-0.0954107896386886
1,Excitatory,-1.0,PRMT8,-0.09541078963869054
1,Excitatory,-1.0,PUS7L,-0.095410789638691
1,Excitatory,-1.0,PLXNC1,-0.09541078963869341
1,Excitatory,-1.0,NT5DC2,-0.09541078963869383
1,Excitatory,-1.0,PPP4R4,-0.0954107896386944
1,Excitatory,-1.0,NFATC2,-0.09541078963869475
1,Excitatory,-1.0,PTCD2,-0.0954107896386949
1,Excitatory,-1.0,SELENOI,-0.09541078963869547
1,Excitatory,-1.0,NEO1,-0.0954107896386962
1,Excitatory,-1.0,ROBO2,-0.09541078963869697
1,Excitatory,-1.0,PRPF38A,-0.09541078963869723
1,Inhibitory,1.0,ENG,12.908814766307025
1,Inhibitory,1.0,FBN1,12.299388928811846
1,Inhibitory,1.0,AEN,11.837687670915487
1,Inhibitory,1.0,IFNGR1,11.665762536495562
1,Inhibitory,1.0,CCDC13,11.357166666393512
1,Inhibitory,1.0,ADRA2A,11.343144922471417
1,Inhibitory,1.0,FREM3,11.190737029203737
1,Inhibitory,1.0,DNLZ,11.045575636941258
1,Inhibitory,1.0,DBN1,10.984864014904794
1,Inhibitory,1.0,AJAP1,10.875068665454155
1,Inhibitory,1.0,C10orf67,10.689826665330447
1,Inhibitory,1.0,ALG5,10.214389180919222
1,Inhibitory,1.0,EPHA7,10.187836064440699
1,Inhibitory,1.0,DDX20,10.075975155178357
1,Inhibitory,1.0,DDX27,9.549113109830826
1,Inhibitory,1.0,CPEB4,9.44770558734093
1,Inhibitory,1.0,CCDC200,9.362851482555993
1,Inhibitory,1.0,EPB41,9.320832227627976
1,Inhibitory,1.0,FBXO16,9.306856138113433
1,Inhibitory,1.0,GALNT18,9.279395686086861
1,Inhibitory,1.0,DNAH12,9.278660653844769
1,Inhibitory,1.0,CLIP4,8.94723243328037
1,Inhibitory,1.0,BBS9,8.736250481118972
1,Inhibitory,1.0,HMGN1,8.671729232606
1,Inhibitory,1.0,KATNAL1,8.637386810714872
1,Inhibitory,1.0,SLC23A2,8.604396183446834
1,Inhibitory,1.0,AOAH,8.544948966642483
1,Inhibitory,1.0,UMPS,8.305036549387541
1,Inhibitory,1.0,FAM47E,8.250126140540734
1,Inhibitory,1.0,HARBI1,8.135222208018762
1,Inhibitory,-1.0,LENG8,-0.002333128876367135
1,Inhibitory,-1.0,SLC35F2,-0.009365638715519455
1,Inhibitory,-1.0,WDR3,-0.018206041382316608
1,Inhibitory,-1.0,TLE2,-0.019244749804327582
1,Inhibitory,-1.0,UIMC1,-0.02387588278738929
1,Inhibitory,-1.0,ZMYM4,-0.026179815579198067
1,Inhibitory,-1.0,PNCK,-0.04336752077045654
1,Inhibitory,-1.0,TMEM26,-0.06243241633645244
1,Inhibitory,-1.0,SLC16A8,-0.08539028104670357
1,Inhibitory,-1.0,SNX25,-0.10185233057582423
1,Inhibitory,-1.0,SEZ6L2,-0.1090724652951344
1,Inhibitory,-1.0,KCNIP3,-0.11415096230405225
1,Inhibitory,-1.0,PSME2,-0.13390098842312959
1,Inhibitory,-1.0,SMARCA2,-0.1534573598445624
1,Inhibitory,-1.0,APOBEC3G,-0.15627593824773403
1,Inhibitory,-1.0,TFDP1,-0.1570448183856497
1,Inhibitory,-1.0,SHPK,-0.164080953040048
1,Inhibitory,-1.0,TSC22D3,-0.16637873004096393
1,Inhibitory,-1.0,VPS35L,-0.17870891758746993
1,Inhibitory,-1.0,ZNF766,-0.18079571556249147
1,Inhibitory,-1.0,ZMYND11,-0.18750364039904907
1,Inhibitory,-1.0,RUNDC1,-0.1907055438254622
1,Inhibitory,-1.0,ZNF644,-0.197862179126454
1,Inhibitory,-1.0,BCCIP,-0.20057828839461664
1,Inhibitory,-1.0,NID1,-0.20266966863724345
1,Inhibitory,-1.0,LRRC66,-0.20935572722811524
1,Inhibitory,-1.0,PPEF1,-0.2149698044901281
1,Inhibitory,-1.0,LGI2,-0.22794780242259288
1,Inhibitory,-1.0,GINM1,-0.23236104956800702
1,Inhibitory,-1.0,RNF31,-0.23958647840412434
1,Microglia-PVM,1.0,KDELR1,8.529361458400228
1,Microglia-PVM,1.0,RBFA,6.219820466461621
1,Microglia-PVM,1.0,TRAF1,6.124302474667655
1,Microglia-PVM,1.0,INKA2,5.657857624175531
1,Microglia-PVM,1.0,VXN,5.5000549437603015
1,Microglia-PVM,1.0,ZNF839,5.488833371311694
1,Microglia-PVM,1.0,IGSF23,5.233908735141151
1,Microglia-PVM,1.0,MRPL3,5.10596310535916
1,Microglia-PVM,1.0,TMEM150C,5.044913840035823
1,Microglia-PVM,1.0,MGMT,4.977822620755804
1,Microglia-PVM,1.0,GMFG,4.886075160049918
1,Microglia-PVM,1.0,TMEM132E,4.830632477866221
1,Microglia-PVM,1.0,MYORG,4.828887255112224
1,Microglia-PVM,1.0,CAMK2G,4.792782298400034
1,Microglia-PVM,1.0,MYH10,4.71477353146662
1,Microglia-PVM,1.0,CAMKMT,4.636323782770136
1,Microglia-PVM,1.0,KCNB2,4.477177247658021
1,Microglia-PVM,1.0,EPB41,4.467039858034434
1,Microglia-PVM,1.0,FZD7,4.463711593889901
1,Microglia-PVM,1.0,CERS1,4.459540776476105
1,Microglia-PVM,1.0,FTH1,4.453900676367481
1,Microglia-PVM,1.0,TBC1D4,4.357391581870252
1,Microglia-PVM,1.0,TTLL7,4.2109413086750624
1,Microglia-PVM,1.0,ZNF775,4.2100652141375985
1,Microglia-PVM,1.0,SEZ6,4.165629811481713
1,Microglia-PVM,1.0,PTCHD4,4.0176302145602305
1,Microglia-PVM,1.0,SESN3,3.9429062632518024
1,Microglia-PVM,1.0,PRXL2A,3.8987683437248797
1,Microglia-PVM,1.0,INTS3,3.805661368862795
1,Microglia-PVM,1.0,MKS1,3.7669400697923865
1,Microglia-PVM,-1.0,NBR1,-0.01791116154262014
1,Microglia-PVM,-1.0,PRR13,-0.017911161542620617
1,Microglia-PVM,-1.0,POLD1,-0.017911161542621897
1,Microglia-PVM,-1.0,PDE8A,-0.01791116154262418
1,Microglia-PVM,-1.0,PHF6,-0.017911161542630102
1,Microglia-PVM,-1.0,MNX1,-0.017911161542630675
1,Microglia-PVM,-1.0,RAD9A,-0.01791116154263209
1,Microglia-PVM,-1.0,NUP37,-0.017911161542632528
1,Microglia-PVM,-1.0,MTFR2,-0.017911161542634196
1,Microglia-PVM,-1.0,NHSL2,-0.017911161542634432
1,Microglia-PVM,-1.0,PTCD2,-0.01791116154263477
1,Microglia-PVM,-1.0,RAB28,-0.017911161542635105
1,Microglia-PVM,-1.0,POGZ,-0.017911161542635164
1,Microglia-PVM,-1.0,MRPL58,-0.01791116154263545
1,Microglia-PVM,-1.0,PDGFC,-0.017911161542635473
1,Microglia-PVM,-1.0,PRKDC,-0.017911161542635536
1,Microglia-PVM,-1.0,PPIL2,-0.017911161542636153
1,Microglia-PVM,-1.0,NECTIN3,-0.017911161542636323
1,Microglia-PVM,-1.0,RPH3A,-0.01791116154263663
1,Microglia-PVM,-1.0,P2RY11,-0.017911161542637295
1,Microglia-PVM,-1.0,SATB2,-0.01791116154263735
1,Microglia-PVM,-1.0,NASP,-0.01791116154263816
1,Microglia-PVM,-1.0,RGMB,-0.01791116154263888
1,Microglia-PVM,-1.0,PIM3,-0.01791116154263929
1,Microglia-PVM,-1.0,PLPPR4,-0.017911161542639463
1,Microglia-PVM,-1.0,PTPRM,-0.017911161542639636
1,Microglia-PVM,-1.0,PICK1,-0.0179111615426398
1,Microglia-PVM,-1.0,PCGF2,-0.01791116154264069
1,Microglia-PVM,-1.0,MMEL1,-0.017911161542640924
1,Microglia-PVM,-1.0,RALGPS2,-0.01791116154264105
1,OPC,1.0,ENG,8.671865710461566
1,OPC,1.0,NCALD,8.49921970888454
1,OPC,1.0,AGAP4,6.466719919403717
1,OPC,1.0,MAP4K5,6.181912795750701
1,OPC,1.0,CDPF1,5.00787042787235
1,OPC,1.0,HHAT,4.822553360776806
1,OPC,1.0,SLC9C2,4.771417905425945
1,OPC,1.0,PHF21A,4.65171766750992
1,OPC,1.0,TAC3,4.618098719024572
1,OPC,1.0,SLITRK2,4.609058127389139
1,OPC,1.0,CRTAC1,4.546766267630045
1,OPC,1.0,MGMT,4.528297866446079
1,OPC,1.0,SLC24A2,4.494973665017869
1,OPC,1.0,MFF,4.2314263602663065
1,OPC,1.0,DSG3,4.120243303901128
1,OPC,1.0,RPH3A,4.028975900740124
1,OPC,1.0,CLEC14A,3.949968028345348
1,OPC,1.0,ZNF343,3.933941385445472
1,OPC,1.0,DDX60L,3.8762882020254916
1,OPC,1.0,DPY19L1,3.82745335214404
1,OPC,1.0,DNHD1,3.7872716537785918
1,OPC,1.0,ATP11C,3.7462752879269092
1,OPC,1.0,LETM2,3.7048400306545233
1,OPC,1.0,VPS13D,3.6527408594990844
1,OPC,1.0,MRPL10,3.380194068310072
1,OPC,1.0,DNASE2,3.3628949483855823
1,OPC,1.0,NR2C2,3.3536159380572625
1,OPC,1.0,AFF2,3.2716551781627117
1,OPC,1.0,TM7SF3,3.261297835144413
1,OPC,1.0,CPE,3.1715355479181015
1,OPC,-1.0,ZNF547,-0.0009528092813602691
1,OPC,-1.0,UBR5,-0.000952809281377103
1,OPC,-1.0,XPR1,-0.0009528092813787481
1,OPC,-1.0,VMAC,-0.0009528092813805019
1,OPC,-1.0,SND1,-0.0009528092813851479
1,OPC,-1.0,TNPO1,-0.0009528092813856888
1,OPC,-1.0,TGFA,-0.0009528092813869128
1,OPC,-1.0,SORT1,-0.000952809281387067
1,OPC,-1.0,TRAF1,-0.0009528092813879376
1,OPC,-1.0,SOX6,-0.0009528092813879709
1,OPC,-1.0,SLC43A3,-0.0009528092813883376
1,OPC,-1.0,SEZ6L2,-0.0009528092813889163
1,OPC,-1.0,TRIM26,-0.0009528092813891161
1,OPC,-1.0,USH2A,-0.0009528092813895614
1,OPC,-1.0,TCF4,-0.0009528092813896981
1,OPC,-1.0,ZSCAN21,-0.0009528092813904918
1,OPC,-1.0,TOPORS,-0.0009528092813907854
1,OPC,-1.0,SLC16A14,-0.0009528092813910756
1,OPC,-1.0,ZNF324B,-0.000952809281391653
1,OPC,-1.0,ZNF233,-0.0009528092813921373
1,OPC,-1.0,ST8SIA1,-0.0009528092813922835
1,OPC,-1.0,TECTA,-0.0009528092813923831
1,OPC,-1.0,ULK3,-0.0009528092813925358
1,OPC,-1.0,VSX1,-0.0009528092813942974
1,OPC,-1.0,SETBP1,-0.0009528092813945592
1,OPC,-1.0,SOX5,-0.0009528092813955027
1,OPC,-1.0,ZNF583,-0.0009528092813957826
1,OPC,-1.0,TTC8,-0.0009528092813958808
1,OPC,-1.0,TIPARP,-0.0009528092813961402
1,OPC,-1.0,SURF6,-0.0009528092813968276
1,Oligodendrocyte,1.0,LSM14B,10.133143939597304
1,Oligodendrocyte,1.0,OVCH1,10.089973816550483
1,Oligodendrocyte,1.0,MFF,9.93695587935771
1,Oligodendrocyte,1.0,KLRD1,9.736710785484872
1,Oligodendrocyte,1.0,ERICH6B,9.389231864152666
1,Oligodendrocyte,1.0,FRMD3,9.311459986401877
1,Oligodendrocyte,1.0,OTOGL,9.258459574928528
1,Oligodendrocyte,1.0,GPR35,9.131104368960628
1,Oligodendrocyte,1.0,GPI,8.977457396739407
1,Oligodendrocyte,1.0,GNG4,8.925352039844032
1,Oligodendrocyte,1.0,NUDT2,8.918764006799222
1,Oligodendrocyte,1.0,KCNK12,8.777965514228544
1,Oligodendrocyte,1.0,GATA2,8.511369397344103
1,Oligodendrocyte,1.0,PRCD,8.495651825796505
1,Oligodendrocyte,1.0,GREM1,8.369636157639974
1,Oligodendrocyte,1.0,EIF3J,8.356079664702566
1,Oligodendrocyte,1.0,NCALD,8.348937741595444
1,Oligodendrocyte,1.0,SLC24A2,8.281677263777647
1,Oligodendrocyte,1.0,FPR3,8.254335707337832
1,Oligodendrocyte,1.0,OSER1,8.253771155088286
1,Oligodendrocyte,1.0,PUS7L,8.166598539970924
1,Oligodendrocyte,1.0,NFATC2,7.8902414429940295
1,Oligodendrocyte,1.0,DGKH,7.764155803088497
1,Oligodendrocyte,1.0,GRAMD1C,7.730610093500239
1,Oligodendrocyte,1.0,EFHC2,7.722611358536988
1,Oligodendrocyte,1.0,MAN2A2,7.524997381264833
1,Oligodendrocyte,1.0,NEDD9,7.517272321208687
1,Oligodendrocyte,1.0,FYN,7.309806812998457
1,Oligodendrocyte,1.0,DBN1,7.280003660269116
1,Oligodendrocyte,1.0,EIF3E,7.263441368551558
1,Oligodendrocyte,-1.0,CREB3L2,-0.03202965132369205
1,Oligodendrocyte,-1.0,DDX43,-0.03573621747180072
1,Oligodendrocyte,-1.0,CPT1B,-0.038676841685959834
1,Oligodendrocyte,-1.0,ZNF496,-0.04414912958964318
1,Oligodendrocyte,-1.0,SRXN1,-0.0851487880995448
1,Oligodendrocyte,-1.0,TMEM44,-0.08866140890226434
1,Oligodendrocyte,-1.0,MOSMO,-0.10522229434832651
1,Oligodendrocyte,-1.0,TCTN1,-0.12901941624882274
1,Oligodendrocyte,-1.0,LRRC39,-0.13444622651172008
1,Oligodendrocyte,-1.0,KBTBD11-OT1,-0.13855486029934524
1,Oligodendrocyte,-1.0,MRPL3,-0.14039830314308244
1,Oligodendrocyte,-1.0,PLPPR4,-0.14039830314309093
1,Oligodendrocyte,-1.0,PTPN18,-0.14039830314309118
1,Oligodendrocyte,-1.0,PCNX1,-0.14039830314309212
1,Oligodendrocyte,-1.0,NAP1L1,-0.1403983031430923
1,Oligodendrocyte,-1.0,PRKAG1,-0.1403983031430929
1,Oligodendrocyte,-1.0,PDCD11,-0.14039830314309293
1,Oligodendrocyte,-1.0,SCN1A,-0.140398303143093
1,Oligodendrocyte,-1.0,NEK11,-0.14039830314309326
1,Oligodendrocyte,-1.0,RASGRP2,-0.1403983031430939
1,Oligodendrocyte,-1.0,MPV17L,-0.14039830314309462
1,Oligodendrocyte,-1.0,PRMT8,-0.140398303143095
1,Oligodendrocyte,-1.0,NUP37,-0.14039830314309562
1,Oligodendrocyte,-1.0,POFUT2,-0.14039830314309598
1,Oligodendrocyte,-1.0,PHC1,-0.14039830314309626
1,Oligodendrocyte,-1.0,MPV17,-0.14039830314309631
1,Oligodendrocyte,-1.0,MPC1,-0.1403983031430965
1,Oligodendrocyte,-1.0,POGZ,-0.14039830314309787
1,Oligodendrocyte,-1.0,PRAP1,-0.14039830314309837
1,Oligodendrocyte,-1.0,NEFH,-0.1403983031430984
2,Astrocyte,1.0,PC,11.196191383037716
2,Astrocyte,1.0,PLEKHA5,10.725381923720066
2,Astrocyte,1.0,IMP3,10.647939944937058
2,Astrocyte,1.0,HSD11B2,10.128396969268712
2,Astrocyte,1.0,RBFA,9.892373062112869
2,Astrocyte,1.0,LRRC69,9.688925561117884
2,Astrocyte,1.0,MFSD10,9.648084559434942
2,Astrocyte,1.0,ROR1,9.592649781460285
2,Astrocyte,1.0,FGL2,9.579747215682124
2,Astrocyte,1.0,NUP37,9.47606503716515
2,Astrocyte,1.0,NEDD9,9.375360159219591
2,Astrocyte,1.0,ITGA3,9.370982970989083
2,Astrocyte,1.0,MBNL3,9.1850851533049
2,Astrocyte,1.0,LAMA5,9.131467155876225
2,Astrocyte,1.0,ORC1,9.016470771006968
2,Astrocyte,1.0,FAM78B,8.899143059609163
2,Astrocyte,1.0,PA2G4,8.78607107089221
2,Astrocyte,1.0,RASGRP3,8.55133800304242
2,Astrocyte,1.0,KCNH1,8.467484271744812
2,Astrocyte,1.0,KCNAB3,8.454091146540085
2,Astrocyte,1.0,LRRC8C,8.411899516780885
2,Astrocyte,1.0,MOV10L1,8.340662136765134
2,Astrocyte,1.0,ENPP6,8.24452768081651
2,Astrocyte,1.0,HCN1,8.240073973484632
2,Astrocyte,1.0,FHOD1,8.236222836606437
2,Astrocyte,1.0,RALGPS1,8.184120595505354
2,Astrocyte,1.0,EGFR,8.137259246126085
2,Astrocyte,1.0,FAM131C,8.125013893593513
2,Astrocyte,1.0,NRXN3,8.083341614121432
2,Astrocyte,1.0,SCLT1,8.015270971764366
2,Astrocyte,-1.0,CCL2,-0.0011288860283210332
2,Astrocyte,-1.0,CIPC,-0.0191451539382466
2,Astrocyte,-1.0,CTNNA1,-0.04667682596046662
2,Astrocyte,-1.0,KCNC2,-0.060173793234377826
2,Astrocyte,-1.0,IFNAR1,-0.06131366520714936
2,Astrocyte,-1.0,PRAP1,-0.0665013777097634
2,Astrocyte,-1.0,PRKG1,-0.066501377709764
2,Astrocyte,-1.0,MTFR2,-0.06650137770977169
2,Astrocyte,-1.0,RBIS,-0.0665013777097762
2,Astrocyte,-1.0,PLEKHA2,-0.06650137770977678
2,Astrocyte,-1.0,POC5,-0.06650137770977822
2,Astrocyte,-1.0,PAIP1,-0.06650137770978012
2,Astrocyte,-1.0,RAB35,-0.06650137770978194
2,Astrocyte,-1.0,SEC24B,-0.06650137770978391
2,Astrocyte,-1.0,PRKCG,-0.06650137770978425
2,Astrocyte,-1.0,MYB,-0.06650137770978494
2,Astrocyte,-1.0,PTPN4,-0.06650137770978563
2,Astrocyte,-1.0,PLPP1,-0.06650137770978642
2,Astrocyte,-1.0,RHBDF1,-0.06650137770978684
2,Astrocyte,-1.0,PTPRM,-0.06650137770978756
2,Astrocyte,-1.0,PLD5,-0.06650137770978767
2,Astrocyte,-1.0,MTMR3,-0.06650137770978802
2,Astrocyte,-1.0,OPRD1,-0.06650137770978805
2,Astrocyte,-1.0,RNF139,-0.0665013777097883
2,Astrocyte,-1.0,RND2,-0.06650137770978896
2,Astrocyte,-1.0,POLR1A,-0.06650137770978919
2,Astrocyte,-1.0,PRTG,-0.06650137770978924
2,Astrocyte,-1.0,MVP,-0.06650137770978962
2,Astrocyte,-1.0,REN,-0.06650137770978962
2,Astrocyte,-1.0,RFLNB,-0.06650137770979007
2,Endothelial,1.0,GLIPR1L2,7.772716790663914
2,Endothelial,1.0,C10orf67,6.498839565257447
2,Endothelial,1.0,MAP3K21,5.442358398113104
2,Endothelial,1.0,GAS2,4.355982987328565
2,Endothelial,1.0,GPI,4.264811911678614
2,Endothelial,1.0,MFSD4B,4.1528316648389305
2,Endothelial,1.0,MARK3,4.023139899181323
2,Endothelial,1.0,EIF3J,3.873692464538402
2,Endothelial,1.0,FZD6,3.8592437105061683
2,Endothelial,1.0,PRAP1,3.6783861561235947
2,Endothelial,1.0,FAM13C,3.4171248354634525
2,Endothelial,1.0,EIF3E,3.3559808383893626
2,Endothelial,1.0,PRKG1,3.288166269885737
2,Endothelial,1.0,CDKN1C,3.1617788531790274
2,Endothelial,1.0,RASGRP3,3.146057735182003
2,Endothelial,1.0,JAZF1,3.1256413506466134
2,Endothelial,1.0,EFCAB5,3.1091897954958143
2,Endothelial,1.0,TMCO2,3.053988130298442
2,Endothelial,1.0,CTNNA2,3.051813775159879
2,Endothelial,1.0,SNCA,3.0359112712109555
2,Endothelial,1.0,IL12RB2,2.98861769629449
2,Endothelial,1.0,CLEC14A,2.968875949695731
2,Endothelial,1.0,TMEM53,2.863341538368523
2,Endothelial,1.0,DDR2,2.81654055397287
2,Endothelial,1.0,C2orf81,2.8141408998797846
2,Endothelial,1.0,DNPEP,2.812465517117881
2,Endothelial,1.0,RANBP3L,2.802929231842457
2,Endothelial,1.0,UBE3B,2.6614641493193933
2,Endothelial,1.0,MRPL39,2.5438108862209012
2,Endothelial,1.0,ZNF233,2.541983155246844
2,Endothelial,-1.0,SYCP3,-0.0035025535675949383
2,Endothelial,-1.0,SLU7,-0.0035025535675959167
2,Endothelial,-1.0,ZNF699,-0.0035025535675973834
2,Endothelial,-1.0,SLC35F2,-0.003502553567598366
2,Endothelial,-1.0,TFAP2E,-0.003502553567598768
2,Endothelial,-1.0,SH2D4A,-0.003502553567598978
2,Endothelial,-1.0,SRXN1,-0.0035025535675994894
2,Endothelial,-1.0,ZNF81,-0.0035025535675997704
2,Endothelial,-1.0,ZNF823,-0.003502553567600691
2,Endothelial,-1.0,TMEM116,-0.003502553567601618
2,Endothelial,-1.0,UBN1,-0.0035025535676018616
2,Endothelial,-1.0,ZNF215,-0.003502553567602419
2,Endothelial,-1.0,TCF12,-0.0035025535676028326
2,Endothelial,-1.0,WBP1,-0.003502553567602935
2,Endothelial,-1.0,WFDC1,-0.0035025535676050518
2,Endothelial,-1.0,TBX2,-0.0035025535676055453
2,Endothelial,-1.0,TACR2,-0.0035025535676059673
2,Endothelial,-1.0,SLCO3A1,-0.00350255356760619
2,Endothelial,-1.0,TIPRL,-0.003502553567606627
2,Endothelial,-1.0,STAC3,-0.0035025535676068945
2,Endothelial,-1.0,TMEM101,-0.003502553567606952
2,Endothelial,-1.0,SOAT1,-0.0035025535676069673
2,Endothelial,-1.0,SOX5,-0.003502553567607018
2,Endothelial,-1.0,ZC3H6,-0.0035025535676073485
2,Endothelial,-1.0,SPAG1,-0.0035025535676074266
2,Endothelial,-1.0,TJP1,-0.0035025535676075255
2,Endothelial,-1.0,TERT,-0.003502553567608067
2,Endothelial,-1.0,TAFA3,-0.0035025535676083725
2,Endothelial,-1.0,VPS16,-0.003502553567608915
2,Endothelial,-1.0,SSH3,-0.003502553567609142
2,Excitatory,1.0,CREB5,13.53816888911508
2,Excitatory,1.0,ARID5A,12.702463184592276
2,Excitatory,1.0,ASAP3,12.661242950931372
2,Excitatory,1.0,ARCN1,12.650643041240148
2,Excitatory,1.0,ABCA3,12.600906153388959
2,Excitatory,1.0,FGF12,12.548183100277507
2,Excitatory,1.0,CCDC12,12.433148208567818
2,Excitatory,1.0,IMP3,12.338394082155792
2,Excitatory,1.0,DDIT3,12.337089039306626
2,Excitatory,1.0,COLEC12,11.704053882324907
2,Excitatory,1.0,ITGA8,11.666437105310758
2,Excitatory,1.0,FNIP1,11.646291532147451
2,Excitatory,1.0,INKA2,11.590769769104146
2,Excitatory,1.0,ANO2,11.487424928707556
2,Excitatory,1.0,JAK3,11.187795106390055
2,Excitatory,1.0,ARRDC4,11.129275353367285
2,Excitatory,1.0,E2F5,11.114043289781806
2,Excitatory,1.0,C10orf67,11.084641340684984
2,Excitatory,1.0,CHURC1,11.072156523709468
2,Excitatory,1.0,GABRA4,10.933160400469415
2,Excitatory,1.0,MAPKBP1,10.836255726491553
2,Excitatory,1.0,CDK9,10.77463598466305
2,Excitatory,1.0,CCDC13,10.744511712357788
2,Excitatory,1.0,CCDC97,10.742248407338852
2,Excitatory,1.0,CHGA,10.704743532299636
2,Excitatory,1.0,IRS1,10.688293493245808
2,Excitatory,1.0,ATRX,10.687072311340295
2,Excitatory,1.0,GPANK1,10.639171309300743
2,Excitatory,1.0,ESRRG,10.592023699377432
2,Excitatory,1.0,ARHGAP11A,10.5860861260705
2,Excitatory,-1.0,C6orf118,-0.007959736050084256
2,Excitatory,-1.0,PPDPF,-0.013274523816604168
2,Excitatory,-1.0,MDN1,-0.043378317137172336
2,Excitatory,-1.0,SLX4,-0.06758441595196776
2,Excitatory,-1.0,ZDHHC8,-0.09219493035585004
2,Excitatory,-1.0,N4BP2L1,-0.09541078963867541
2,Excitatory,-1.0,SEC62,-0.0954107896386867
2,Excitatory,-1.0,PTPDC1,-0.09541078963868738
2,Excitatory,-1.0,PMEPA1,-0.09541078963868739
2,Excitatory,-1.0,RPS6KA5,-0.0954107896386889
2,Excitatory,-1.0,PFKP,-0.09541078963868993
2,Excitatory,-1.0,NID1,-0.09541078963869135
2,Excitatory,-1.0,RIMS2,-0.09541078963869341
2,Excitatory,-1.0,PAQR3,-0.09541078963869375
2,Excitatory,-1.0,MXD3,-0.09541078963869569
2,Excitatory,-1.0,PKD2L2,-0.09541078963869588
2,Excitatory,-1.0,PLB1,-0.09541078963869634
2,Excitatory,-1.0,POGZ,-0.09541078963869715
2,Excitatory,-1.0,PRCP,-0.09541078963869717
2,Excitatory,-1.0,NICN1,-0.09541078963869812
2,Excitatory,-1.0,RRP9,-0.0954107896386983
2,Excitatory,-1.0,PLD5,-0.09541078963869883
2,Excitatory,-1.0,PLXNB2,-0.09541078963869884
2,Excitatory,-1.0,RASSF8,-0.09541078963869902
2,Excitatory,-1.0,PCDHB16,-0.09541078963869909
2,Excitatory,-1.0,OXNAD1,-0.09541078963869974
2,Excitatory,-1.0,PLEKHF1,-0.09541078963869981
2,Excitatory,-1.0,MSI1,-0.09541078963870094
2,Excitatory,-1.0,RPS27L,-0.09541078963870098
2,Excitatory,-1.0,SDCBP,-0.09541078963870114
2,Inhibitory,1.0,DMKN,12.596976433464386
2,Inhibitory,1.0,IMP3,12.482413218564037
2,Inhibitory,1.0,ARHGAP12,12.153029815133275
2,Inhibitory,1.0,COLEC12,12.096915564398168
2,Inhibitory,1.0,C10orf67,11.641575445608318
2,Inhibitory,1.0,CDHR3,11.384389118870939
2,Inhibitory,1.0,BTG1,11.010083127630924
2,Inhibitory,1.0,E2F5,10.716586629658902
2,Inhibitory,1.0,CIAPIN1,10.239484745269614
2,Inhibitory,1.0,CHKA,9.969743201041895
2,Inhibitory,1.0,CYB5B,9.665892672853852
2,Inhibitory,1.0,CDH12,9.445780708507868
2,Inhibitory,1.0,RBM17,9.383353219981514
2,Inhibitory,1.0,DLC1,9.31564375705923
2,Inhibitory,1.0,ARRDC4,9.285419138533895
2,Inhibitory,1.0,CCSAP,9.166265548465358
2,Inhibitory,1.0,CERCAM,9.13710252629534
2,Inhibitory,1.0,ITGA8,9.109098910738277
2,Inhibitory,1.0,ARSG,8.997852680485748
2,Inhibitory,1.0,ANKRD12,8.991240833129938
2,Inhibitory,1.0,DDX31,8.963584335232333
2,Inhibitory,1.0,CREBL2,8.951986443299148
2,Inhibitory,1.0,AP5M1,8.905886157562357
2,Inhibitory,1.0,ARHGAP17,8.825764584469335
2,Inhibitory,1.0,KCNAB3,8.653168143759528
2,Inhibitory,1.0,AOC3,8.494082744157707
2,Inhibitory,1.0,FAM200A,8.408147962734155
2,Inhibitory,1.0,MED13L,8.403669063374334
2,Inhibitory,1.0,MAF,8.342059323396683
2,Inhibitory,1.0,ANKRD29,8.33144405832206
2,Inhibitory,-1.0,FAM171A1,-0.02313547033496258
2,Inhibitory,-1.0,PCDH20,-0.025875262529204246
2,Inhibitory,-1.0,SHC4,-0.08080447744514327
2,Inhibitory,-1.0,MCOLN1,-0.10692584957586339
2,Inhibitory,-1.0,AARSD1,-0.11950486521697662
2,Inhibitory,-1.0,OSTF1,-0.11978303677953185
2,Inhibitory,-1.0,LRCH4,-0.12642275230491598
2,Inhibitory,-1.0,MROH7,-0.12965751870364806
2,Inhibitory,-1.0,PNPLA3,-0.1407088645810048
2,Inhibitory,-1.0,SMIM3,-0.17173065827761302
2,Inhibitory,-1.0,FAM229A,-0.20714462011425894
2,Inhibitory,-1.0,SPNS3,-0.236074246741578
2,Inhibitory,-1.0,GFRA3,-0.24644779333914954
2,Inhibitory,-1.0,WDR75,-0.2557075937273823
2,Inhibitory,-1.0,VEGFC,-0.2599675504230157
2,Inhibitory,-1.0,SLC1A1,-0.2707062499154786
2,Inhibitory,-1.0,FERMT2,-0.2732007165894
2,Inhibitory,-1.0,TUBD1,-0.27345077358823494
2,Inhibitory,-1.0,ZBBX,-0.27345077358823955
2,Inhibitory,-1.0,TMEM132C,-0.27345077358824194
2,Inhibitory,-1.0,ZCCHC9,-0.2734507735882422
2,Inhibitory,-1.0,UNC5A,-0.27345077358824277
2,Inhibitory,-1.0,ZC3H8,-0.27345077358824416
2,Inhibitory,-1.0,SORT1,-0.27345077358824527
2,Inhibitory,-1.0,TF,-0.2734507735882454
2,Inhibitory,-1.0,SLC44A1,-0.2734507735882455
2,Inhibitory,-1.0,SVOP,-0.2734507735882455
2,Inhibitory,-1.0,YAP1,-0.2734507735882458
2,Inhibitory,-1.0,ZNF280B,-0.2734507735882459
2,Inhibitory,-1.0,SLU7,-0.27345077358824593
2,Microglia-PVM,1.0,ERGIC2,7.093340001202512
2,Microglia-PVM,1.0,KIF13B,6.144138122330015
2,Microglia-PVM,1.0,ZFAND6,6.1251827302664585
2,Microglia-PVM,1.0,KCNAB3,5.389053815662145
2,Microglia-PVM,1.0,LAMA5,5.250189458763622
2,Microglia-PVM,1.0,GPR4,5.154757159036428
2,Microglia-PVM,1.0,RGMB,5.061599307588449
2,Microglia-PVM,1.0,HAVCR2,5.0346656074210605
2,Microglia-PVM,1.0,PTPDC1,4.817610095130763
2,Microglia-PVM,1.0,TRIO,4.787125637836984
2,Microglia-PVM,1.0,MYADM,4.775892907830463
2,Microglia-PVM,1.0,VEGFB,4.59343110526852
2,Microglia-PVM,1.0,FIBIN,4.51772784014011
2,Microglia-PVM,1.0,CCDC186,4.50367107262928
2,Microglia-PVM,1.0,TRAF2,4.413105692923932
2,Microglia-PVM,1.0,CARMIL1,4.286931387673274
2,Microglia-PVM,1.0,GALNT16,4.2447406183765315
2,Microglia-PVM,1.0,UBXN7,4.052632902030532
2,Microglia-PVM,1.0,PPEF1,3.8193533664016863
2,Microglia-PVM,1.0,TXNRD1,3.816591620723193
2,Microglia-PVM,1.0,SEC62,3.65956929948405
2,Microglia-PVM,1.0,SLCO1A2,3.4746089424659785
2,Microglia-PVM,1.0,TMEM63A,3.4614325931108776
2,Microglia-PVM,1.0,TST,3.3810406270060054
2,Microglia-PVM,1.0,ZNF718,3.209748419223576
2,Microglia-PVM,1.0,MCM6,3.2071899290010673
2,Microglia-PVM,1.0,ABITRAM,3.190716773880835
2,Microglia-PVM,1.0,REXO5,3.18607961789236
2,Microglia-PVM,1.0,MFSD4B,3.1713261335669465
2,Microglia-PVM,1.0,COG4,3.162458258385281
2,Microglia-PVM,-1.0,LRRC8B,-0.0049572802382745395
2,Microglia-PVM,-1.0,DNTTIP1,-0.008551111903857505
2,Microglia-PVM,-1.0,RSPH1,-0.017911161542611305
2,Microglia-PVM,-1.0,PHF12,-0.017911161542624215
2,Microglia-PVM,-1.0,PLCB4,-0.01791116154262521
2,Microglia-PVM,-1.0,NOL3,-0.017911161542627813
2,Microglia-PVM,-1.0,MMD,-0.01791116154263156
2,Microglia-PVM,-1.0,PRCP,-0.01791116154263197
2,Microglia-PVM,-1.0,SEC16A,-0.017911161542633208
2,Microglia-PVM,-1.0,PLAG1,-0.01791116154263354
2,Microglia-PVM,-1.0,PIGK,-0.017911161542633704
2,Microglia-PVM,-1.0,SEC11A,-0.017911161542634894
2,Microglia-PVM,-1.0,NEMP1,-0.01791116154263703
2,Microglia-PVM,-1.0,MN1,-0.017911161542637853
2,Microglia-PVM,-1.0,RASSF4,-0.017911161542638495
2,Microglia-PVM,-1.0,MRTO4,-0.01791116154263875
2,Microglia-PVM,-1.0,PLPP6,-0.01791116154263923
2,Microglia-PVM,-1.0,MYOM1,-0.017911161542639532
2,Microglia-PVM,-1.0,PRX,-0.017911161542639782
2,Microglia-PVM,-1.0,SDC1,-0.017911161542640018
2,Microglia-PVM,-1.0,RTF2,-0.017911161542640358
2,Microglia-PVM,-1.0,RASL11A,-0.017911161542641295
2,Microglia-PVM,-1.0,PIN4,-0.017911161542641395
2,Microglia-PVM,-1.0,RAPGEF2,-0.017911161542641687
2,Microglia-PVM,-1.0,NONO,-0.0179111615426417
2,Microglia-PVM,-1.0,MRPL2,-0.017911161542641975
2,Microglia-PVM,-1.0,RABL2B,-0.01791116154264198
2,Microglia-PVM,-1.0,RAD23B,-0.017911161542642003
2,Microglia-PVM,-1.0,MSL2,-0.017911161542642412
2,Microglia-PVM,-1.0,SCRG1,-0.01791116154264289
2,OPC,1.0,KLHL2,7.071686958979419
2,OPC,1.0,MAGEC3,6.57412764656134
2,OPC,1.0,MFSD10,6.246334070138248
2,OPC,1.0,METTL21A,6.123125736334223
2,OPC,1.0,HIGD1C,5.821366057166162
2,OPC,1.0,PCDHB10,5.273493190603248
2,OPC,1.0,GLIPR1L2,5.12168525426544
2,OPC,1.0,ZFAND6,4.552240708820023
2,OPC,1.0,CRHR1,4.426215114557099
2,OPC,1.0,GTDC1,4.388762616018506
2,OPC,1.0,REN,4.269529293570331
2,OPC,1.0,PIGK,4.180011533022058
2,OPC,1.0,SYCP3,3.9611470062239964
2,OPC,1.0,ZC3H6,3.8506341399714588
2,OPC,1.0,KCNAB3,3.8105477420704545
2,OPC,1.0,COPE,3.6423647637899523
2,OPC,1.0,CORO1C,3.473600641489656
2,OPC,1.0,FYCO1,3.467138526074424
2,OPC,1.0,ANGEL2,3.357634843815406
2,OPC,1.0,ZNF653,3.21324627971998
2,OPC,1.0,CLDN7,3.1579474385282333
2,OPC,1.0,PIK3IP1,3.11169131653873
2,OPC,1.0,KATNBL1,3.0998752949179633
2,OPC,1.0,KCNQ3,3.0541245338507377
2,OPC,1.0,SEMA5B,3.0211034394543095
2,OPC,1.0,SPAG1,2.9946130126963433
2,OPC,1.0,DCDC2,2.9793935940375964
2,OPC,1.0,BRCA1,2.95446763718445
2,OPC,1.0,SSTR2,2.9337701073009237
2,OPC,1.0,EIF4G3,2.92749273283434
2,OPC,-1.0,TNNI3K,-0.0009528092813675
2,OPC,-1.0,STIM2,-0.0009528092813681632
2,OPC,-1.0,SERHL2,-0.0009528092813767185
2,OPC,-1.0,TM4SF19,-0.0009528092813795866
2,OPC,-1.0,UBE3B,-0.0009528092813799654
2,OPC,-1.0,TCTN1,-0.0009528092813821169
2,OPC,-1.0,SH2D5,-0.0009528092813833347
2,OPC,-1.0,SURF6,-0.0009528092813834901
2,OPC,-1.0,SMTNL1,-0.0009528092813843436
2,OPC,-1.0,VEGFB,-0.000952809281384411
2,OPC,-1.0,UNC5C,-0.0009528092813845375
2,OPC,-1.0,TMEM63A,-0.0009528092813851926
2,OPC,-1.0,TMEM53,-0.0009528092813854624
2,OPC,-1.0,ZNF572,-0.0009528092813859983
2,OPC,-1.0,UBXN8,-0.0009528092813889857
2,OPC,-1.0,UBA3,-0.0009528092813890462
2,OPC,-1.0,SLC6A6,-0.0009528092813891659
2,OPC,-1.0,SLC4A7,-0.0009528092813893025
2,OPC,-1.0,TTLL7,-0.0009528092813894844
2,OPC,-1.0,UNC5A,-0.0009528092813898712
2,OPC,-1.0,ZNF718,-0.0009528092813899164
2,OPC,-1.0,ZMYND10,-0.0009528092813900762
2,OPC,-1.0,ZNF337,-0.0009528092813900881
2,OPC,-1.0,TMEM127,-0.0009528092813903742
2,OPC,-1.0,TAFA3,-0.0009528092813906238
2,OPC,-1.0,TMEM14C,-0.0009528092813906997
2,OPC,-1.0,TCF15,-0.0009528092813908042
2,OPC,-1.0,SPECC1,-0.0009528092813911021
2,OPC,-1.0,SF3B3,-0.0009528092813919221
2,OPC,-1.0,TUT1,-0.0009528092813924307
2,Oligodendrocyte,1.0,MAN1C1,11.143137324173246
2,Oligodendrocyte,1.0,ITGA10,10.86558191919108
2,Oligodendrocyte,1.0,ITIH4,9.830165162020197
2,Oligodendrocyte,1.0,EXTL3,9.274620616731362
2,Oligodendrocyte,1.0,PAQR3,9.144464374724508
2,Oligodendrocyte,1.0,ENOX1,9.077861839389708
2,Oligodendrocyte,1.0,KIAA1958,8.813754830695235
2,Oligodendrocyte,1.0,ENPP4,8.773514922170797
2,Oligodendrocyte,1.0,FMN2,8.483179026486766
2,Oligodendrocyte,1.0,KMT2E,8.311785339129427
2,Oligodendrocyte,1.0,POLR2H,8.266026427788146
2,Oligodendrocyte,1.0,KCNIP4,8.25818983245062
2,Oligodendrocyte,1.0,PCNA,8.221436206744071
2,Oligodendrocyte,1.0,PGAP2,8.125210547232633
2,Oligodendrocyte,1.0,PKD2L2,8.06933019035573
2,Oligodendrocyte,1.0,EPHB2,8.031970473375628
2,Oligodendrocyte,1.0,RAI1,8.026805198883158
2,Oligodendrocyte,1.0,KHDRBS2,7.886653399334053
2,Oligodendrocyte,1.0,PCED1B,7.783497929300206
2,Oligodendrocyte,1.0,CLUL1,7.771641662580983
2,Oligodendrocyte,1.0,ANKRD6,7.709315393932304
2,Oligodendrocyte,1.0,NAP1L4,7.6888624506356065
2,Oligodendrocyte,1.0,REV3L,7.597818853858559
2,Oligodendrocyte,1.0,GFI1B,7.588148930290823
2,Oligodendrocyte,1.0,RSAD2,7.502203570989642
2,Oligodendrocyte,1.0,RASSF8,7.451607984945644
2,Oligodendrocyte,1.0,RPS27L,7.370113268353939
2,Oligodendrocyte,1.0,MAF,7.3086328491860195
2,Oligodendrocyte,1.0,GOLPH3,7.232340094412423
2,Oligodendrocyte,1.0,MFSD3,7.2024169469525985
2,Oligodendrocyte,-1.0,CD24,-0.019859837340806687
2,Oligodendrocyte,-1.0,UST,-0.024899068637689516
2,Oligodendrocyte,-1.0,MED13,-0.04667375850768296
2,Oligodendrocyte,-1.0,BCAS1,-0.09959605905039992
2,Oligodendrocyte,-1.0,LILRB4,-0.10138650807092286
2,Oligodendrocyte,-1.0,CHST2,-0.10488141489023978
2,Oligodendrocyte,-1.0,TRAPPC6A,-0.119635334820482
2,Oligodendrocyte,-1.0,PTCD2,-0.12553838657634486
2,Oligodendrocyte,-1.0,MXRA5,-0.1403983031430784
2,Oligodendrocyte,-1.0,PDIA3,-0.14039830314308469
2,Oligodendrocyte,-1.0,PON2,-0.14039830314308716
2,Oligodendrocyte,-1.0,RIC1,-0.1403983031430876
2,Oligodendrocyte,-1.0,NRAP,-0.14039830314309043
2,Oligodendrocyte,-1.0,PPA1,-0.14039830314309099
2,Oligodendrocyte,-1.0,PIN4,-0.1403983031430931
2,Oligodendrocyte,-1.0,RPS6KA5,-0.14039830314309323
2,Oligodendrocyte,-1.0,NFKB1,-0.1403983031430935
2,Oligodendrocyte,-1.0,NPAS3,-0.14039830314309432
2,Oligodendrocyte,-1.0,MYB,-0.14039830314309554
2,Oligodendrocyte,-1.0,MRPL39,-0.14039830314309626
2,Oligodendrocyte,-1.0,NR3C1,-0.14039830314309631
2,Oligodendrocyte,-1.0,MTFR2,-0.14039830314309654
2,Oligodendrocyte,-1.0,NEDD9,-0.14039830314309718
2,Oligodendrocyte,-1.0,NBN,-0.1403983031430973
2,Oligodendrocyte,-1.0,RAPGEF6,-0.14039830314309734
2,Oligodendrocyte,-1.0,PTPDC1,-0.14039830314309742
2,Oligodendrocyte,-1.0,SAP30BP,-0.14039830314309798
2,Oligodendrocyte,-1.0,PRKCH,-0.1403983031430984
2,Oligodendrocyte,-1.0,NKAPD1,-0.14039830314309856
2,Oligodendrocyte,-1.0,MRPS25,-0.1403983031430987
3,Astrocyte,1.0,ENAH,12.670810797381996
3,Astrocyte,1.0,FAM47E,11.692723637026772
3,Astrocyte,1.0,EIPR1,9.95334214059785
3,Astrocyte,1.0,EML3,9.884336961605797
3,Astrocyte,1.0,LGMN,9.795745006992753
3,Astrocyte,1.0,FBP2,9.751533628794503
3,Astrocyte,1.0,OTUD3,9.700772647047037
3,Astrocyte,1.0,MAP2K4,9.697135001320225
3,Astrocyte,1.0,FAHD2A,9.658058774337247
3,Astrocyte,1.0,FZD3,9.325918504309037
3,Astrocyte,1.0,KCNA5,9.20815957753502
3,Astrocyte,1.0,PRKAG1,8.778013223885038
3,Astrocyte,1.0,NEMP1,8.676822531044973
3,Astrocyte,1.0,SEMA4B,8.626168121353158
3,Astrocyte,1.0,GDAP1,8.583143872206051
3,Astrocyte,1.0,RAB39A,8.548333141959207
3,Astrocyte,1.0,PON2,8.528015303280936
3,Astrocyte,1.0,MGST3,8.520269558369204
3,Astrocyte,1.0,PCDHGC4,8.376376783048155
3,Astrocyte,1.0,HSP90B1,8.325244580384513
3,Astrocyte,1.0,MOB3A,8.246882469237724
3,Astrocyte,1.0,TMEM44,8.230610609031613
3,Astrocyte,1.0,PPP2R2B,8.222083206643878
3,Astrocyte,1.0,SAMD4B,8.198651626530452
3,Astrocyte,1.0,NPL,8.15763910584533
3,Astrocyte,1.0,LRP8,8.116836193467469
3,Astrocyte,1.0,MGAT3,8.08310524217396
3,Astrocyte,1.0,LSM14B,7.944069799212631
3,Astrocyte,1.0,MPRIP,7.919191428977698
3,Astrocyte,1.0,ESRRG,7.881486547332719
3,Astrocyte,-1.0,ZFAND5,-0.0035917227606865974
3,Astrocyte,-1.0,C3orf70,-0.01379367441125476
3,Astrocyte,-1.0,PAFAH2,-0.03516982475254661
3,Astrocyte,-1.0,SSBP1,-0.04832342685791932
3,Astrocyte,-1.0,PPP1R7,-0.04845035215407798
3,Astrocyte,-1.0,CDO1,-0.04994480569505655
3,Astrocyte,-1.0,RSPH3,-0.051228864773953976
3,Astrocyte,-1.0,MLF1,-0.06650137770976777
3,Astrocyte,-1.0,MPST,-0.06650137770977492
3,Astrocyte,-1.0,NTN5,-0.06650137770977906
3,Astrocyte,-1.0,RNF4,-0.0665013777097825
3,Astrocyte,-1.0,RRH,-0.06650137770978315
3,Astrocyte,-1.0,PCDHB10,-0.06650137770978319
3,Astrocyte,-1.0,SEC11A,-0.06650137770978352
3,Astrocyte,-1.0,QDPR,-0.06650137770978376
3,Astrocyte,-1.0,MTMR10,-0.06650137770978394
3,Astrocyte,-1.0,PTPN3,-0.06650137770978538
3,Astrocyte,-1.0,MRPS10,-0.06650137770978597
3,Astrocyte,-1.0,NYNRIN,-0.06650137770978608
3,Astrocyte,-1.0,PRKACB,-0.06650137770978676
3,Astrocyte,-1.0,RBMX,-0.06650137770978728
3,Astrocyte,-1.0,NR2C2,-0.0665013777097876
3,Astrocyte,-1.0,MSMO1,-0.06650137770978783
3,Astrocyte,-1.0,RAPGEF2,-0.0665013777097884
3,Astrocyte,-1.0,NIPBL,-0.06650137770978859
3,Astrocyte,-1.0,SCGN,-0.06650137770978866
3,Astrocyte,-1.0,S100Z,-0.06650137770978899
3,Astrocyte,-1.0,PODXL,-0.06650137770978946
3,Astrocyte,-1.0,PTPN4,-0.06650137770978981
3,Astrocyte,-1.0,RSPO2,-0.06650137770979
3,Endothelial,1.0,MESP2,6.333728094931343
3,Endothelial,1.0,GOLGA5,6.215656141870494
3,Endothelial,1.0,PTGDS,5.794144628108531
3,Endothelial,1.0,MAN2A1,4.947829042650948
3,Endothelial,1.0,CHURC1,4.630226180070235
3,Endothelial,1.0,CD247,3.9984737547947238
3,Endothelial,1.0,IFT27,3.900348571606105
3,Endothelial,1.0,LURAP1,3.7033385998691144
3,Endothelial,1.0,UBE2B,3.648728911590081
3,Endothelial,1.0,SCGN,3.632538779345412
3,Endothelial,1.0,EGLN3,3.5265865395160825
3,Endothelial,1.0,TRRAP,3.4981631701881155
3,Endothelial,1.0,ZNF445,3.3808291008353706
3,Endothelial,1.0,MAP2K4,3.343609771313542
3,Endothelial,1.0,TATDN1,3.2201639384355554
3,Endothelial,1.0,ZBED5,3.070902488153018
3,Endothelial,1.0,NPL,3.0435810429827486
3,Endothelial,1.0,NHSL2,3.013557686559497
3,Endothelial,1.0,UBR5,2.8565303237270343
3,Endothelial,1.0,RBFA,2.7715971039267546
3,Endothelial,1.0,RRH,2.713861228570082
3,Endothelial,1.0,TCAF1,2.631603582405838
3,Endothelial,1.0,MANF,2.5467267578636594
3,Endothelial,1.0,ANXA6,2.5212362782645807
3,Endothelial,1.0,B3GNT2,2.5144026548748237
3,Endothelial,1.0,DDIT3,2.4694402114446636
3,Endothelial,1.0,NACAD,2.4120048210314224
3,Endothelial,1.0,LAP3,2.3943915315666406
3,Endothelial,1.0,IGSF23,2.3101458540924376
3,Endothelial,1.0,GCH1,2.2986728272880597
3,Endothelial,-1.0,SERF1A,-0.0035025535675797005
3,Endothelial,-1.0,SLC35A3,-0.0035025535675912516
3,Endothelial,-1.0,TBX2,-0.003502553567594082
3,Endothelial,-1.0,SYT5,-0.003502553567595237
3,Endothelial,-1.0,TM7SF3,-0.003502553567596258
3,Endothelial,-1.0,SLC10A6,-0.0035025535675970035
3,Endothelial,-1.0,ZSCAN26,-0.003502553567597777
3,Endothelial,-1.0,XAB2,-0.003502553567598847
3,Endothelial,-1.0,VASH2,-0.0035025535675991286
3,Endothelial,-1.0,STRN3,-0.003502553567602232
3,Endothelial,-1.0,TMBIM1,-0.0035025535676024996
3,Endothelial,-1.0,SMTN,-0.003502553567603301
3,Endothelial,-1.0,TMC3,-0.0035025535676033734
3,Endothelial,-1.0,UIMC1,-0.003502553567603782
3,Endothelial,-1.0,SLC30A6,-0.0035025535676039216
3,Endothelial,-1.0,SLC23A2,-0.0035025535676042633
3,Endothelial,-1.0,TDRKH,-0.0035025535676058146
3,Endothelial,-1.0,TCF4,-0.0035025535676062466
3,Endothelial,-1.0,SSBP2,-0.0035025535676062535
3,Endothelial,-1.0,SLA,-0.0035025535676065497
3,Endothelial,-1.0,SUPT7L,-0.0035025535676070753
3,Endothelial,-1.0,TMA16,-0.0035025535676071317
3,Endothelial,-1.0,ZNF665,-0.0035025535676072007
3,Endothelial,-1.0,ZNF844,-0.0035025535676073056
3,Endothelial,-1.0,ZNF28,-0.0035025535676081044
3,Endothelial,-1.0,ZNF431,-0.0035025535676081396
3,Endothelial,-1.0,TMEM63A,-0.0035025535676085663
3,Endothelial,-1.0,SULT1B1,-0.0035025535676088235
3,Endothelial,-1.0,TMX3,-0.003502553567609269
3,Endothelial,-1.0,ZNF516,-0.003502553567609346
3,Excitatory,1.0,CDHR3,12.959731923702934
3,Excitatory,1.0,DKK2,12.836931503899242
3,Excitatory,1.0,ANXA11,12.821222092513626
3,Excitatory,1.0,IPPK,12.792900384769275
3,Excitatory,1.0,GALNT5,12.538578361613657
3,Excitatory,1.0,FGF22,12.502409755308497
3,Excitatory,1.0,MAGEC3,12.339965069089379
3,Excitatory,1.0,LRP8,12.22431460978156
3,Excitatory,1.0,FAM98B,12.178359473069278
3,Excitatory,1.0,ADRB2,12.1238441181132
3,Excitatory,1.0,CCDC93,12.06303350596778
3,Excitatory,1.0,MAPT,11.967461476021565
3,Excitatory,1.0,MAN1C1,11.963945935234047
3,Excitatory,1.0,MGMT,11.944480969109026
3,Excitatory,1.0,CRY2,11.91801959235053
3,Excitatory,1.0,DCDC1,11.81973600966535
3,Excitatory,1.0,CEP152,11.632046938708486
3,Excitatory,1.0,EID2B,11.56954313309737
3,Excitatory,1.0,METTL21A,11.362179227340588
3,Excitatory,1.0,DGKG,11.323229157047898
3,Excitatory,1.0,EBNA1BP2,11.18657650701236
3,Excitatory,1.0,MANF,11.144587662974768
3,Excitatory,1.0,HERC3,11.124400868784182
3,Excitatory,1.0,FBXO16,11.044787088347524
3,Excitatory,1.0,ANKRD17,10.971297593000141
3,Excitatory,1.0,CPNE7,10.937314742467757
3,Excitatory,1.0,FREM3,10.921711742976406
3,Excitatory,1.0,DCT,10.841539658124233
3,Excitatory,1.0,ANKH,10.81830880341982
3,Excitatory,1.0,HIPK1,10.795251271769295
3,Excitatory,-1.0,NFKBIA,-0.006656625299517836
3,Excitatory,-1.0,ARHGEF16,-0.013494379885063188
3,Excitatory,-1.0,BTNL9,-0.0228027640740292
3,Excitatory,-1.0,DTD2,-0.02548278780279684
3,Excitatory,-1.0,PLCB4,-0.04176734790260503
3,Excitatory,-1.0,CFAP298,-0.050873333450248866
3,Excitatory,-1.0,SYBU,-0.05335985874261338
3,Excitatory,-1.0,ZNF572,-0.06663194406456982
3,Excitatory,-1.0,TCEANC2,-0.0788971313703346
3,Excitatory,-1.0,ALDH18A1,-0.08013051651576084
3,Excitatory,-1.0,DTX4,-0.08264979711833395
3,Excitatory,-1.0,CARMIL3,-0.09121493377348579
3,Excitatory,-1.0,PPARG,-0.09456670650653473
3,Excitatory,-1.0,SCGN,-0.09541078963867618
3,Excitatory,-1.0,MRPL33,-0.09541078963867851
3,Excitatory,-1.0,NPAS3,-0.09541078963868359
3,Excitatory,-1.0,NAB1,-0.09541078963868459
3,Excitatory,-1.0,PFDN1,-0.09541078963868478
3,Excitatory,-1.0,RETREG1,-0.09541078963868543
3,Excitatory,-1.0,NUP160,-0.09541078963868575
3,Excitatory,-1.0,PRKG1,-0.09541078963868665
3,Excitatory,-1.0,PRMT5,-0.09541078963868727
3,Excitatory,-1.0,RWDD3,-0.0954107896386885
3,Excitatory,-1.0,PLA2G4A,-0.0954107896386887
3,Excitatory,-1.0,NCOA1,-0.09541078963868874
3,Excitatory,-1.0,PRXL2A,-0.0954107896386894
3,Excitatory,-1.0,MRM1,-0.09541078963868987
3,Excitatory,-1.0,PLXNC1,-0.095410789638691
3,Excitatory,-1.0,ODAPH,-0.09541078963869241
3,Excitatory,-1.0,PTBP2,-0.0954107896386927
3,Inhibitory,1.0,CRB2,12.741211809010128
3,Inhibitory,1.0,CPLX3,12.298617110621187
3,Inhibitory,1.0,IPPK,12.201394336955978
3,Inhibitory,1.0,LRP8,12.000279439160462
3,Inhibitory,1.0,CHD1L,11.037125009197428
3,Inhibitory,1.0,CHI3L1,11.017824432113748
3,Inhibitory,1.0,METTL21A,10.719822812317924
3,Inhibitory,1.0,ANKRD17,10.53442597502475
3,Inhibitory,1.0,DZIP1,10.492565961562045
3,Inhibitory,1.0,CLIP2,10.290155727090085
3,Inhibitory,1.0,EPX,10.260542014975076
3,Inhibitory,1.0,EID2B,9.655341542159839
3,Inhibitory,1.0,CCDC138,9.597246668870799
3,Inhibitory,1.0,CEP152,9.556337736868423
3,Inhibitory,1.0,MYO3A,9.48088781612859
3,Inhibitory,1.0,ATF7IP2,9.474437072494476
3,Inhibitory,1.0,GPD1L,9.429240758624182
3,Inhibitory,1.0,COLEC12,9.32683256477631
3,Inhibitory,1.0,IDH3B,8.989518875519739
3,Inhibitory,1.0,HORMAD1,8.933792536300382
3,Inhibitory,1.0,ACBD3,8.920825166807592
3,Inhibitory,1.0,HIPK1,8.719755859707794
3,Inhibitory,1.0,FTSJ3,8.706647976219351
3,Inhibitory,1.0,LYPD8,8.706269091159731
3,Inhibitory,1.0,INTS10,8.685619058883344
3,Inhibitory,1.0,AKR1A1,8.666204824748133
3,Inhibitory,1.0,MGMT,8.65244134130007
3,Inhibitory,1.0,MIER2,8.40006816683662
3,Inhibitory,1.0,TTF1,8.365417980911566
3,Inhibitory,1.0,PIK3CA,8.348230378573037
3,Inhibitory,-1.0,SWAP70,-0.010935991359115847
3,Inhibitory,-1.0,FAM162A,-0.013536443319332321
3,Inhibitory,-1.0,ALDH18A1,-0.02130931278368751
3,Inhibitory,-1.0,MCAM,-0.02259680408452928
3,Inhibitory,-1.0,NANS,-0.02449847462852525
3,Inhibitory,-1.0,MXD1,-0.04132454819534278
3,Inhibitory,-1.0,FGF10,-0.05963068097053429
3,Inhibitory,-1.0,NECAP2,-0.07422845220990727
3,Inhibitory,-1.0,UBE2Q2,-0.09592258793891145
3,Inhibitory,-1.0,ST8SIA1,-0.09742762712883347
3,Inhibitory,-1.0,ST3GAL6,-0.10152831767359749
3,Inhibitory,-1.0,SLC35A5,-0.10539411082861846
3,Inhibitory,-1.0,SRD5A3,-0.12819517053715665
3,Inhibitory,-1.0,AMOTL2,-0.13190660049978792
3,Inhibitory,-1.0,RASSF8,-0.1342374849269653
3,Inhibitory,-1.0,JMJD8,-0.13541549415051993
3,Inhibitory,-1.0,ASAP3,-0.1441609332633107
3,Inhibitory,-1.0,DLEC1,-0.16224952968258693
3,Inhibitory,-1.0,PKP4,-0.16346331990821317
3,Inhibitory,-1.0,KLHL14,-0.16573319687305255
3,Inhibitory,-1.0,PRKDC,-0.17222767907391587
3,Inhibitory,-1.0,CHCHD3,-0.1793718455643835
3,Inhibitory,-1.0,ALG10,-0.1815628157016329
3,Inhibitory,-1.0,FSD1,-0.18914055623692216
3,Inhibitory,-1.0,RHOQ,-0.19046560218538422
3,Inhibitory,-1.0,HPS5,-0.20040895465804076
3,Inhibitory,-1.0,TIMM9,-0.21199069304255116
3,Inhibitory,-1.0,SPTSSB,-0.2734507735882376
3,Inhibitory,-1.0,TSPAN4,-0.2734507735882412
3,Inhibitory,-1.0,TCHH,-0.27345077358824393
3,Microglia-PVM,1.0,TOX,7.248742644487924
3,Microglia-PVM,1.0,STAR,6.944782244375232
3,Microglia-PVM,1.0,FMNL2,6.7644182174870044
3,Microglia-PVM,1.0,SLC17A5,6.381499408376296
3,Microglia-PVM,1.0,HEPN1,5.8880567557466374
3,Microglia-PVM,1.0,EFHC2,5.646779099022035
3,Microglia-PVM,1.0,MRPL33,5.303834712822476
3,Microglia-PVM,1.0,ULK3,5.071933330112665
3,Microglia-PVM,1.0,NCOA1,4.806679347782798
3,Microglia-PVM,1.0,HMGXB4,4.704986400777056
3,Microglia-PVM,1.0,WBP2NL,4.693058793282002
3,Microglia-PVM,1.0,LDB2,4.593676257334062
3,Microglia-PVM,1.0,MGAT3,4.57738676962122
3,Microglia-PVM,1.0,FMN2,4.3530693282962165
3,Microglia-PVM,1.0,TRAPPC6A,4.346425860862898
3,Microglia-PVM,1.0,ZNF596,4.217746444029591
3,Microglia-PVM,1.0,SRPK2,4.105056757293181
3,Microglia-PVM,1.0,ACOT13,4.059748055576703
3,Microglia-PVM,1.0,TRAPPC2,4.048404252569572
3,Microglia-PVM,1.0,MAL2,3.994078138545659
3,Microglia-PVM,1.0,ZNF875,3.7927131621748025
3,Microglia-PVM,1.0,HNRNPH3,3.7860557959247876
3,Microglia-PVM,1.0,USP34,3.7842195638040717
3,Microglia-PVM,1.0,FAIM,3.7821002203733336
3,Microglia-PVM,1.0,KLHL17,3.5562970750348835
3,Microglia-PVM,1.0,TMEM245,3.4941505201426013
3,Microglia-PVM,1.0,MAP3K15,3.3507530273579245
3,Microglia-PVM,1.0,TAF12,3.3282689996914923
3,Microglia-PVM,1.0,TTLL9,3.300610753176882
3,Microglia-PVM,1.0,ZNF532,3.295303789737987
3,Microglia-PVM,-1.0,PHTF1,-0.0179111615426205
3,Microglia-PVM,-1.0,PKP1,-0.017911161542621006
3,Microglia-PVM,-1.0,RETREG2,-0.01791116154262248
3,Microglia-PVM,-1.0,PIK3CD,-0.017911161542622844
3,Microglia-PVM,-1.0,PTCHD4,-0.017911161542623316
3,Microglia-PVM,-1.0,PEAK1,-0.01791116154262441
3,Microglia-PVM,-1.0,RAB40B,-0.01791116154262557
3,Microglia-PVM,-1.0,NFATC4,-0.017911161542626966
3,Microglia-PVM,-1.0,PDGFRB,-0.017911161542627826
3,Microglia-PVM,-1.0,PA2G4,-0.01791116154262979
3,Microglia-PVM,-1.0,MRGPRF,-0.017911161542630318
3,Microglia-PVM,-1.0,NXPE3,-0.01791116154263108
3,Microglia-PVM,-1.0,RAB24,-0.017911161542631504
3,Microglia-PVM,-1.0,NASP,-0.017911161542631962
3,Microglia-PVM,-1.0,PI15,-0.017911161542633496
3,Microglia-PVM,-1.0,SCN7A,-0.017911161542637864
3,Microglia-PVM,-1.0,SCGN,-0.01791116154263803
3,Microglia-PVM,-1.0,NOL12,-0.017911161542638283
3,Microglia-PVM,-1.0,RSBN1,-0.017911161542638433
3,Microglia-PVM,-1.0,PPP4R4,-0.01791116154263849
3,Microglia-PVM,-1.0,RGS10,-0.017911161542638776
3,Microglia-PVM,-1.0,RGCC,-0.01791116154263893
3,Microglia-PVM,-1.0,RAD21,-0.017911161542639147
3,Microglia-PVM,-1.0,RMDN1,-0.017911161542639466
3,Microglia-PVM,-1.0,PTGDS,-0.017911161542639945
3,Microglia-PVM,-1.0,RIMS2,-0.01791116154264015
3,Microglia-PVM,-1.0,RP1,-0.017911161542640292
3,Microglia-PVM,-1.0,NDRG1,-0.01791116154264038
3,Microglia-PVM,-1.0,NAAA,-0.017911161542640455
3,Microglia-PVM,-1.0,NTMT1,-0.01791116154264057
3,OPC,1.0,PA2G4,6.830013858841808
3,OPC,1.0,LCOR,6.789051194229155
3,OPC,1.0,NYNRIN,6.072856305187525
3,OPC,1.0,ENKUR,5.5677586331810565
3,OPC,1.0,SSBP2,5.293612204144833
3,OPC,1.0,MUTYH,4.730248032783915
3,OPC,1.0,EPHB2,4.56710497651012
3,OPC,1.0,GLDC,4.323637324150387
3,OPC,1.0,CRHBP,4.115519979795011
3,OPC,1.0,FXYD2,4.061767067761386
3,OPC,1.0,HMOX2,4.004760395174944
3,OPC,1.0,CRY1,3.926205783217382
3,OPC,1.0,CLCN3,3.868842677599254
3,OPC,1.0,PPEF1,3.770621385938379
3,OPC,1.0,DARS2,3.638349942472096
3,OPC,1.0,C5orf22,3.5365646398099004
3,OPC,1.0,BLM,3.534485287802726
3,OPC,1.0,AMY2B,3.5103868417918522
3,OPC,1.0,SPNS3,3.5083098126540175
3,OPC,1.0,SULT1B1,3.4237056906705368
3,OPC,1.0,PRMT3,3.416979512437928
3,OPC,1.0,KLHDC2,3.410496145883293
3,OPC,1.0,PRPF4,3.2683560914479575
3,OPC,1.0,SLC9C2,3.191340680861508
3,OPC,1.0,TRIM11,3.191208957752891
3,OPC,1.0,RAPGEF2,3.143760466639939
3,OPC,1.0,KCNH3,3.11143189130395
3,OPC,1.0,COQ4,3.0503727237043803
3,OPC,1.0,SCG3,3.0382381858049166
3,OPC,1.0,SOCS2,3.01756091882748
3,OPC,-1.0,TRRAP,-0.0009528092813753859
3,OPC,-1.0,SPTSSB,-0.0009528092813760878
3,OPC,-1.0,SENP6,-0.0009528092813815515
3,OPC,-1.0,TRAPPC2,-0.0009528092813821821
3,OPC,-1.0,SLC16A8,-0.0009528092813827355
3,OPC,-1.0,SRXN1,-0.0009528092813829563
3,OPC,-1.0,SERF1A,-0.0009528092813839233
3,OPC,-1.0,ZNF512,-0.0009528092813845221
3,OPC,-1.0,ZNF69,-0.0009528092813854008
3,OPC,-1.0,ULK3,-0.0009528092813856265
3,OPC,-1.0,TCHH,-0.0009528092813859244
3,OPC,-1.0,THOC7,-0.0009528092813880968
3,OPC,-1.0,WDR75,-0.0009528092813886231
3,OPC,-1.0,SLC26A1,-0.0009528092813904679
3,OPC,-1.0,WNT10B,-0.0009528092813912331
3,OPC,-1.0,TTLL9,-0.0009528092813912332
3,OPC,-1.0,SLC25A30,-0.0009528092813917787
3,OPC,-1.0,ZNF222,-0.0009528092813918783
3,OPC,-1.0,SRSF11,-0.0009528092813919393
3,OPC,-1.0,VSIG10L,-0.0009528092813919533
3,OPC,-1.0,ZNF445,-0.0009528092813923385
3,OPC,-1.0,TNPO1,-0.0009528092813932905
3,OPC,-1.0,SH2D6,-0.000952809281394694
3,OPC,-1.0,VLDLR,-0.0009528092813948277
3,OPC,-1.0,TDRKH,-0.0009528092813948875
3,OPC,-1.0,ZNF596,-0.0009528092813953035
3,OPC,-1.0,SIL1,-0.0009528092813956803
3,OPC,-1.0,UNC50,-0.0009528092813956954
3,OPC,-1.0,ZNF557,-0.0009528092813959031
3,OPC,-1.0,TRIM27,-0.0009528092813965256
3,Oligodendrocyte,1.0,HAVCR2,11.929691943981707
3,Oligodendrocyte,1.0,FAM221B,10.711524872101162
3,Oligodendrocyte,1.0,JAK2,10.490388666677797
3,Oligodendrocyte,1.0,MAP2K4,10.429040515864854
3,Oligodendrocyte,1.0,FXYD2,10.426452907909775
3,Oligodendrocyte,1.0,KCNA5,10.040456555420105
3,Oligodendrocyte,1.0,OTOGL,9.704851774281467
3,Oligodendrocyte,1.0,KIF3A,9.653958036768527
3,Oligodendrocyte,1.0,FAHD2A,8.705721480443984
3,Oligodendrocyte,1.0,SCGN,8.666311766409576
3,Oligodendrocyte,1.0,NXN,8.6616370625625
3,Oligodendrocyte,1.0,PIK3CA,8.633270887338144
3,Oligodendrocyte,1.0,KLHL18,8.541844847139112
3,Oligodendrocyte,1.0,GSDME,8.310827618471883
3,Oligodendrocyte,1.0,KLKB1,8.237553921253074
3,Oligodendrocyte,1.0,FBXO17,8.225523062483166
3,Oligodendrocyte,1.0,ERC2,8.204740609184558
3,Oligodendrocyte,1.0,PPP2R2D,8.194208765049135
3,Oligodendrocyte,1.0,FBLN2,7.927810696707694
3,Oligodendrocyte,1.0,FRMPD2,7.806452255142707
3,Oligodendrocyte,1.0,HACD1,7.736537429476497
3,Oligodendrocyte,1.0,CHURC1,7.65477160984284
3,Oligodendrocyte,1.0,PCDHB4,7.611525693959545
3,Oligodendrocyte,1.0,HNRNPL,7.5879803288458785
3,Oligodendrocyte,1.0,SLC7A14,7.569904863311397
3,Oligodendrocyte,1.0,PANK1,7.380819999015845
3,Oligodendrocyte,1.0,PHTF2,7.3785260360827625
3,Oligodendrocyte,1.0,NOX4,7.264555994613135
3,Oligodendrocyte,1.0,GLT8D2,7.248115848865472
3,Oligodendrocyte,1.0,MRGPRF,7.187245139609917
3,Oligodendrocyte,-1.0,DNAH7,-0.014365299213810653
3,Oligodendrocyte,-1.0,TMC1,-0.03601468139594228
3,Oligodendrocyte,-1.0,TPM4,-0.11760178707980518
3,Oligodendrocyte,-1.0,CTPS2,-0.12269577097504734
3,Oligodendrocyte,-1.0,CSK,-0.13188505672801942
3,Oligodendrocyte,-1.0,PLD3,-0.14039830314308052
3,Oligodendrocyte,-1.0,MLF1,-0.14039830314308643
3,Oligodendrocyte,-1.0,OLFML2B,-0.14039830314308852
3,Oligodendrocyte,-1.0,PGBD5,-0.14039830314308888
3,Oligodendrocyte,-1.0,MRPL33,-0.14039830314309293
3,Oligodendrocyte,-1.0,NAV3,-0.140398303143093
3,Oligodendrocyte,-1.0,MVP,-0.14039830314309357
3,Oligodendrocyte,-1.0,RAB4B,-0.14039830314309462
3,Oligodendrocyte,-1.0,SDR16C5,-0.14039830314309473
3,Oligodendrocyte,-1.0,NCR3LG1,-0.14039830314309518
3,Oligodendrocyte,-1.0,PHC1,-0.14039830314309523
3,Oligodendrocyte,-1.0,PPP4R1,-0.14039830314309543
3,Oligodendrocyte,-1.0,PAXBP1,-0.14039830314309554
3,Oligodendrocyte,-1.0,PTGDS,-0.14039830314309554
3,Oligodendrocyte,-1.0,RDM1,-0.14039830314309554
3,Oligodendrocyte,-1.0,ODAPH,-0.1403983031430958
3,Oligodendrocyte,-1.0,PLEKHA5,-0.1403983031430968
3,Oligodendrocyte,-1.0,MTX2,-0.14039830314309687
3,Oligodendrocyte,-1.0,SEMA4B,-0.1403983031430971
3,Oligodendrocyte,-1.0,SCN11A,-0.14039830314309726
3,Oligodendrocyte,-1.0,MPZ,-0.1403983031430974
3,Oligodendrocyte,-1.0,NCOA1,-0.14039830314309784
3,Oligodendrocyte,-1.0,PCDHB10,-0.14039830314309792
3,Oligodendrocyte,-1.0,PTBP2,-0.14039830314309804
3,Oligodendrocyte,-1.0,MRPL30,-0.14039830314309854
